,id1,id2,if_plddt_av,if_plddt_std,ch1_plddt_av,ch1_plddt_std,ch2_plddt_av,ch2_plddt_std,plddt_av,plddt_std,num_atoms_in_interface,num_res_in_interface,metric_name,model_name
0,1ay7_A,1ay7_B,94.50549352971224,2.8638678727823654,95.1829989977064,3.6623805543154058,96.74807108603234,1.9034254432787021,95.93592556992807,3.05200460061317,56,23,result_model_1,unrelaxed_model_1
1,1b27_A,1b27_B,96.25760185672968,2.055486861951543,97.16526479955698,1.5262432742732879,97.01185626326567,1.6287756795222312,97.09595840498879,1.5752438975503906,66,30,result_model_1,unrelaxed_model_1
2,1bdj_A,1bdj_B,85.9396487415723,3.606338487721509,92.4897605040986,5.4464021355465695,92.99224813932948,5.3465267387042505,92.72972398704559,5.404768009701901,36,19,result_model_1,unrelaxed_model_1
3,1buh_A,1buh_B,72.5987402655578,8.665454876964086,87.06972686590328,14.006295225670925,87.56572021535305,5.78932158369827,87.16754777648922,12.81152124978372,22,13,result_model_1,unrelaxed_model_1
4,1bvn_A,1bvn_B,91.82653086054427,2.7959174615771154,96.89668845117001,2.7671977323427477,91.19052137232129,10.345363332252653,96.15458587852535,4.925896687120065,8,6,result_model_1,unrelaxed_model_1
5,1cc0_A,1cc0_B,78.74586842995357,6.738647510573556,94.03757550496356,6.476705567976371,88.66002645078488,12.344776439784694,91.5887223972145,9.970705839429021,22,10,result_model_1,unrelaxed_model_1
6,1clv_A,1clv_B,67.60515028681044,25.748405448102677,97.15859346019327,2.534754181510233,38.85248915671582,3.9840972298795707,93.44186967989192,14.4886470646689,6,5,result_model_1,unrelaxed_model_1
7,1dfj_A,1dfj_B,84.75610648465728,10.773992870915984,95.01765812943081,3.792301172474373,90.1643693675414,8.805957277430956,93.98005846309583,5.6431012229212,42,23,result_model_1,unrelaxed_model_1
8,1eay_A,1eay_B,93.9759710365848,2.5463389206958627,94.71044709123619,4.356663873543149,93.75666218521998,3.7361480525972173,94.37295397064585,4.172720791388445,48,21,result_model_1,unrelaxed_model_1
9,1eer_A,1eer_B,93.57793903914663,4.703143414275735,90.81860145446294,8.614306010437693,85.20774919143986,13.677712360249863,88.31483404676985,11.504520382471094,90,38,result_model_1,unrelaxed_model_1
10,1ewy_A,1ewy_B,89.61252964200122,3.566544518743266,94.27751617745105,8.817193190753972,93.87285786553261,3.817105162307933,94.17862212615925,7.895216449953819,44,23,result_model_1,unrelaxed_model_1
11,1fle_A,1fle_B,82.52109307471096,10.38570987114088,94.78526631814455,5.677836200066093,78.6829691316016,18.09956341932986,91.57606722851885,11.509955433599812,110,39,result_model_1,unrelaxed_model_1
12,1fq1_A,1fq1_B,85.85349423698071,3.91919137750888,85.4398339433644,15.449458399551927,90.70430225085924,7.900167506568114,87.4084796549906,13.388682286532436,52,22,result_model_1,unrelaxed_model_1
13,1g6v_A,1g6v_B,85.66905249543517,9.838070918270049,96.52169466170308,2.66902667027926,92.03128857034973,5.766149329504866,95.04443312773306,4.49104434684211,6,6,result_model_1,unrelaxed_model_1
14,1g73_A,1g73_B,95.42674701422625,1.379623564105005,93.21637182548051,8.54760880363761,91.39829556350473,12.832973430176933,92.53987833265231,10.388762605674197,4,3,result_model_1,unrelaxed_model_1
15,1gcq_A,1gcq_B,87.39379990049314,4.334662813066223,92.77900039714152,4.512009609876482,92.71302704633074,2.9872375970254255,92.74911503309903,3.896089579451221,34,18,result_model_1,unrelaxed_model_1
16,1gpw_A,1gpw_B,91.5888864987166,7.516118110444964,91.66308847210175,10.472468000048051,93.60201365553198,7.010738015014403,92.53005281623464,9.140037023560359,154,63,result_model_1,unrelaxed_model_1
17,1he1_A,1he1_B,75.00838177759854,9.419240553761943,92.22065841000338,8.977518303149983,84.41993407640354,9.457967140526833,88.97035660433679,9.953724240408826,76,31,result_model_1,unrelaxed_model_1
18,1i2m_A,1i2m_B,86.1270621376924,10.609874301923357,93.36184424601944,7.289239067009572,86.16339030488771,12.993198792673766,90.9904472119008,10.133699543344232,54,27,result_model_1,unrelaxed_model_1
19,1i4e_A,1i4e_B,60.04875297256649,12.748712249246706,79.02611930497766,11.996705835361887,94.65729159409493,5.206485092388427,86.0382339767312,12.327062493580788,6,4,result_model_1,unrelaxed_model_1
20,1i8l_A,1i8l_B,93.32670702487735,4.692337598594605,94.21698719764667,4.7259164759198695,88.16119691940158,11.539888495323023,91.85375196711202,8.620512987031947,72,31,result_model_1,unrelaxed_model_1
21,1ib1_A,1ib1_B,77.29795691922698,14.716538012721948,93.27826153457336,5.297056894949303,90.57093747218674,9.971279210131641,92.14848762558759,7.7215921206426446,34,22,result_model_1,unrelaxed_model_1
22,1jiw_A,1jiw_B,87.75832742865609,6.993337530575124,95.18237386413581,5.599387170072292,90.34383734114952,7.23572674847827,94.29194874011404,6.223640170303787,110,44,result_model_1,unrelaxed_model_1
23,1jk9_A,1jk9_B,93.39636177100913,5.009719502782743,83.78304601756227,13.534787152236332,95.63814256161255,4.042986497918468,88.68528864253442,12.177129887837742,80,33,result_model_1,unrelaxed_model_1
24,1jtd_A,1jtd_B,87.26690020918306,3.76777497364599,96.21637549104727,3.3152486138939947,96.33567829768062,2.846093473906348,96.27535413417617,3.0928011693357136,6,6,result_model_1,unrelaxed_model_1
25,1k5g_A,1k5g_B,77.19888248302307,15.693360441714933,95.1760275889597,6.26242582951737,82.90644569731262,15.978847748251999,90.59448972413702,12.455368752944617,10,8,result_model_1,unrelaxed_model_1
26,1kgy_A,1kgy_B,85.05727347234904,9.911734573542688,89.26005524815481,11.983520529976444,91.50263399543138,8.924991920201943,90.22409062427066,10.83267889826872,132,52,result_model_1,unrelaxed_model_1
27,1lb2_A,1lb2_B,90.13344979758811,2.232349716146908,92.28710355704389,9.928786945599821,86.70623760038904,10.397383577805941,90.72830996225409,10.368739511194441,36,16,result_model_1,unrelaxed_model_1
28,1lfd_A,1lfd_B,84.99560099728856,8.755027913203946,93.6317211575995,6.787163434645419,89.19771672475095,8.027692077938653,92.10698445539464,7.537987075451739,52,23,result_model_1,unrelaxed_model_1
29,1mq8_A,1mq8_B,86.5481039430431,3.6585723061183955,92.31489024083704,4.743921440114923,92.6399109941031,6.221350020119471,92.47288644034138,5.5141977625923735,30,16,result_model_1,unrelaxed_model_1
30,1nbf_A,1nbf_B,82.65315141766241,14.05148267092753,91.61820995939875,9.410492631498922,84.7680982032084,15.963861919416376,90.3502806199116,11.243414251993684,78,43,result_model_1,unrelaxed_model_1
31,1nql_A,1nql_B,88.84237990754337,6.155492610692119,92.08497391840926,5.572351773732439,83.1763121858253,13.057689254610938,91.37496027656422,6.9272279690480225,162,66,result_model_1,unrelaxed_model_1
32,1nw9_A,1nw9_B,84.11805167053771,5.349417152126796,92.97646603928814,6.822325718022967,90.45034544743503,12.9607691687519,92.18857633700598,9.262269642865343,10,8,result_model_1,unrelaxed_model_1
33,1oc0_A,1oc0_B,85.73477281099274,5.941863549211021,92.39323716219515,7.538416999787864,87.94448955430123,4.8543858043351875,91.94500062739473,7.434346214201143,26,14,result_model_1,unrelaxed_model_1
34,1pvh_A,1pvh_B,85.38350572595549,6.436718233567476,94.26552803869353,5.84601527326037,91.50980921659574,6.780785483179096,93.06509162030027,6.417519887897792,4,3,result_model_1,unrelaxed_model_1
35,1qav_A,1qav_B,95.28448516559838,4.363921975134224,96.20828272299416,4.61468916529326,94.76814517523225,5.787136601253886,95.58276843457232,5.205957235751061,88,36,result_model_1,unrelaxed_model_1
36,1r8s_A,1r8s_B,69.00164435695174,15.898544172254997,90.03013243580156,8.853534968263459,81.63105712126782,18.047996696486358,86.19322894949646,14.45278522223722,98,46,result_model_1,unrelaxed_model_1
37,1s1q_A,1s1q_B,86.60318621913936,3.3983613172426796,95.7721857364113,3.50867574735335,92.95419143419528,8.30065861954166,94.80269228381404,5.794134595525496,16,9,result_model_1,unrelaxed_model_1
38,1te1_A,1te1_B,82.1034205194384,3.4929715728127726,91.76473297341359,8.99883469526556,94.9621776117232,4.586299798351057,93.07403142444555,7.674944814798515,22,12,result_model_1,unrelaxed_model_1
39,1tmq_A,1tmq_B,77.92029993465225,11.627259445223627,96.32107615988018,3.464444853723227,81.52004560399418,13.655355028261267,93.27086378180907,9.154183838011145,32,17,result_model_1,unrelaxed_model_1
40,1uad_A,1uad_B,86.75282373281996,8.677298655642579,92.42930661064798,8.98118991383544,90.30119212888926,9.096757297710338,91.64569856503915,9.082104665516889,52,22,result_model_1,unrelaxed_model_1
41,1uug_A,1uug_B,80.97323343399106,12.600550250006158,95.35473192518168,8.662561004689822,80.28514415337801,10.153433327000378,91.38140010110482,11.248354633183624,2,2,result_model_1,unrelaxed_model_1
42,1v5i_A,1v5i_B,96.4048557947624,2.243313829015095,97.94318005891513,1.7194730063887493,92.13676785832791,8.583442207277105,96.67302739003667,4.918138606226438,154,53,result_model_1,unrelaxed_model_1
43,1vg0_A,1vg0_B,70.07876935033674,12.725282578826082,88.56070205530033,10.281219431839368,84.34765975708446,15.849586711153822,87.41733954369013,12.194325060093552,46,25,result_model_1,unrelaxed_model_1
44,1vrs_A,1vrs_B,94.42947495189757,4.185798941175712,93.15313666792245,11.673268894456575,95.66685598250378,4.603233290608271,94.37318453608746,9.054889735904796,80,34,result_model_1,unrelaxed_model_1
45,1wq1_A,1wq1_B,73.76351054080794,16.136180858419515,91.17768435007301,7.046659485669071,87.11660794752407,13.12824356671992,89.80189111982172,9.74248380192319,56,32,result_model_1,unrelaxed_model_1
46,1wrd_A,1wrd_B,88.70155679606437,5.062159433712191,90.2697707634089,4.807695654406207,92.04021849186813,10.292815621517185,91.06594844011246,7.819064929572188,46,23,result_model_1,unrelaxed_model_1
47,1x86_A,1x86_B,77.99246661374406,11.159558110556134,89.57967281158918,7.680065334692272,89.3480794457323,10.37583136209951,89.50131415396842,8.687014299212606,34,20,result_model_1,unrelaxed_model_1
48,1xt9_A,1xt9_B,91.69911446414139,4.997740532163312,93.64549293886873,5.504120034972209,94.05266647756893,4.674084546147909,93.75407254918879,5.298573987512576,128,50,result_model_1,unrelaxed_model_1
49,1y64_A,1y64_B,87.0764185048962,6.361811211191362,88.79081693303398,10.895364328725753,94.34865677474978,4.834071115278495,91.38591724823202,9.04878457510431,4,4,result_model_1,unrelaxed_model_1
50,1y8x_A,1y8x_B,94.63211122017452,1.8687696096084014,94.98262512199693,6.240490736068794,93.92500665003125,8.11657433841457,94.59549685112648,7.004465479501911,106,36,result_model_1,unrelaxed_model_1
51,1ycs_A,1ycs_B,78.98597278828603,13.20735302137833,91.9990719459288,9.020363873297956,89.2646845720198,10.049594428864093,90.63888950865099,9.643624790017087,8,6,result_model_1,unrelaxed_model_1
52,1yu6_A,1yu6_B,92.35829129340571,6.539406151954607,97.63662765754273,2.1024675813834293,91.93222908467285,4.845353402732795,96.74147588149236,3.422845500582481,10,7,result_model_1,unrelaxed_model_1
53,1yvb_A,1yvb_B,96.41724690031694,1.3746049533706934,94.55284961210086,5.681602212611574,92.96420736860584,6.173464564354062,94.05408983798034,5.886839150707254,64,32,result_model_1,unrelaxed_model_1
54,1z5y_A,1z5y_B,85.70235941498683,15.94715244274423,94.787335048669,7.4030635664511735,92.14795346820814,12.20417433591782,93.60450108112911,9.935557948280108,94,41,result_model_1,unrelaxed_model_1
55,1zlh_A,1zlh_B,85.9546382544698,7.899659614247984,96.8564997703943,2.813665430940447,74.53276277285254,13.262979199653548,92.45049904719524,10.955280656549407,64,37,result_model_1,unrelaxed_model_1
56,2a41_A,2a41_B,90.61254780573097,1.6951951027444456,93.39388877801144,7.948733779395754,93.82248086586019,6.407491046654647,93.56940744255901,7.359720718476172,4,3,result_model_1,unrelaxed_model_1
57,2a5d_A,2a5d_B,57.79365263837902,13.05972495863157,76.71646156327758,18.95229097632018,88.73527401231345,11.882527543723707,81.83616348962012,17.368090546636083,42,23,result_model_1,unrelaxed_model_1
58,2a9k_A,2a9k_B,61.57472406906781,13.841388017587523,89.99999655671287,11.71230913747204,89.12624854591772,12.844471628578255,89.61268873134722,12.234808828053133,16,10,result_model_1,unrelaxed_model_1
59,2abz_A,2abz_B,68.91384943606043,27.591372728639044,97.45626025805622,2.549643938342268,41.14164166467181,7.517661950857878,87.36781254212906,21.95018950424644,12,7,result_model_1,unrelaxed_model_1
60,2aq3_A,2aq3_B,83.49636102209763,6.686304688597733,92.91136883553945,8.844535507180932,93.16471851934897,7.554193846524743,92.9914506321459,8.458793630238066,20,15,result_model_1,unrelaxed_model_1
61,2b4s_A,2b4s_B,79.13548107805084,4.917545216233128,89.46178978734442,10.79609831730535,90.98857223651478,8.776591415368678,90.2251810119296,9.867872822265037,12,9,result_model_1,unrelaxed_model_1
62,2bcg_A,2bcg_B,69.75844195672971,14.09577369307624,90.8113033618351,7.1387722188236555,82.98309388877529,17.709759102929794,88.55292202276759,11.803400074271977,48,25,result_model_1,unrelaxed_model_1
63,2bcn_A,2bcn_B,87.4287140904374,4.710908587381347,95.80065651833254,4.179708255878397,93.10658144534212,4.904398595110264,95.0763700037346,4.546042027910218,42,19,result_model_1,unrelaxed_model_1
64,2bku_A,2bku_B,80.00771826995988,9.851249581622884,90.4814206353491,6.023206580447501,81.42894793897275,14.161206918560607,88.76119534403392,8.95021317319688,160,88,result_model_1,unrelaxed_model_1
65,2bov_A,2bov_B,60.91198636305286,15.30634059233517,89.90881916076401,11.95747738067434,88.90465288166172,12.194122423751185,89.47117449901624,12.071458810848686,18,10,result_model_1,unrelaxed_model_1
66,2bwe_A,2bwe_B,57.35308337838704,4.524770369660595,91.8019612141234,8.913797607550048,90.02677266798382,7.8507711374175795,91.1380695627216,8.574889902998194,4,3,result_model_1,unrelaxed_model_1
67,2c0l_A,2c0l_B,67.58052229593386,20.259204597459828,94.65778972520073,8.031220216058545,83.86458422938065,13.133219187884224,91.49692240142484,10.965778514452651,10,9,result_model_1,unrelaxed_model_1
68,2c2v_A,2c2v_B,85.67227188167799,18.954108764528698,86.86714915918809,19.264214210274503,94.65505584655222,5.215694605648166,90.504760746703,15.019110391719531,92,46,result_model_1,unrelaxed_model_1
69,2ch4_A,2ch4_B,72.56272233553273,16.217664174159424,83.02178571877967,11.944487751400837,81.21935747663328,15.31171257681129,82.49939288852227,13.036071632816045,56,29,result_model_1,unrelaxed_model_1
70,2d5r_A,2d5r_B,83.40085991774828,14.365570399537944,93.37387461385492,12.089041661742012,91.94435922012013,8.556131513502194,92.92715105331281,11.126139615636937,68,33,result_model_1,unrelaxed_model_1
71,2ejf_A,2ejf_B,91.42905523847509,5.17724873188295,94.21805198279496,6.892903847676082,95.06713196278231,3.9187517132056695,94.41356382029205,6.34315968892841,104,37,result_model_1,unrelaxed_model_1
72,2g45_A,2g45_B,0.0,0.0,94.07090868005922,4.777202113062228,93.44283386543569,9.403726778682046,93.81834949534287,7.021304769288367,0,0,result_model_1,unrelaxed_model_1
73,2grx_A,2grx_B,78.22277249446886,9.90223191149484,92.66640734331841,9.301802349535901,85.20224441457918,9.217555371456324,91.82352821711197,9.587923950329914,36,25,result_model_1,unrelaxed_model_1
74,2gwf_A,2gwf_B,79.83273350532798,14.837568981186013,87.38773264687869,16.56211502734456,88.36853545656795,15.159580110381544,87.83937380323046,15.939117909497993,12,9,result_model_1,unrelaxed_model_1
75,2hj9_A,2hj9_B,86.24182815911374,5.79769809019419,94.01324940979043,7.19929640125936,91.49588676669843,5.087594453519988,93.05140518235676,6.588807563945195,122,51,result_model_1,unrelaxed_model_1
76,2hqs_A,2hqs_B,93.57534437528193,2.8973351171784927,95.67002021171753,3.8630729188416035,95.30057185039927,3.3336691032522694,95.59100947305937,3.7591850032859258,116,48,result_model_1,unrelaxed_model_1
77,2hrk_A,2hrk_B,94.57196066911233,2.4708317893469727,95.03428957692066,4.644602166075644,90.84497065158335,7.813933402589232,93.35856200678573,6.44814035134736,70,29,result_model_1,unrelaxed_model_1
78,2i25_A,2i25_B,93.15156524342098,1.489012807234697,96.65471240107772,2.3917169682597557,92.16026437017251,7.966902355220622,94.55606518003519,6.141232039843307,6,5,result_model_1,unrelaxed_model_1
79,2ido_A,2ido_B,94.37342974319974,7.837925590242791,95.63039328653032,4.678384753204537,88.81741021069203,16.49963396928022,93.43009135931406,10.624928966609167,104,42,result_model_1,unrelaxed_model_1
80,2iwt_A,2iwt_B,80.36604205086374,10.789976525048594,88.32454842501993,9.97215435589367,93.48205880743095,6.412853623613875,90.28510887860767,9.140153293618685,16,9,result_model_1,unrelaxed_model_1
81,2nqd_A,2nqd_B,96.2558191311622,2.2945779842517755,97.39795185028947,2.5267060884884,93.2590265206149,6.054147783849913,96.01831007373129,4.503393583127118,92,39,result_model_1,unrelaxed_model_1
82,2nxn_A,2nxn_B,81.92253189064319,9.708345968422105,90.8202927914908,10.461527578511694,83.5290387361026,11.338043473260923,88.1474390604632,11.34867504771601,132,60,result_model_1,unrelaxed_model_1
83,2o25_A,2o25_B,87.61284203316916,8.530258132873923,94.41265935687301,6.079127419320211,94.87129847191437,5.810814088490147,94.61522496601627,5.9664598968105675,48,25,result_model_1,unrelaxed_model_1
84,2o2v_A,2o2v_B,60.63193387122919,22.174780934883522,81.06561951441653,15.887774197408145,85.6267527841637,14.452303302374592,83.1247719128946,15.42437580555699,2,2,result_model_1,unrelaxed_model_1
85,2o8v_A,2o8v_B,92.69105065637491,2.5223411504208775,96.04548851794351,3.540282698900544,94.44198285850585,3.9821032900596105,95.5093318268622,3.770563100093531,28,16,result_model_1,unrelaxed_model_1
86,2oob_A,2oob_B,0.0,0.0,95.23821091069632,3.4319816367964857,88.09599084138901,10.901938327262261,92.55224780770895,8.00093090143155,0,0,result_model_1,unrelaxed_model_1
87,2qyi_A,2qyi_B,83.91384535957198,9.94919163822955,94.86653529161515,5.82751584952057,86.76519608096723,11.918320614721672,91.25922255851569,9.914602112908218,84,40,result_model_1,unrelaxed_model_1
88,2sge_A,2sge_B,87.4133769874438,8.471480161120192,94.93854985362921,4.800307480268715,89.07089055364976,12.196517339317992,93.53432369636917,7.706851788378569,34,16,result_model_1,unrelaxed_model_1
89,2uy7_A,2uy7_B,75.6786698409048,12.804324127285527,92.42034880911902,7.482754863301781,84.57291582354418,13.827838755483288,89.00933127138914,11.397317803415717,146,56,result_model_1,unrelaxed_model_1
90,2v55_A,2v55_B,68.41251907019559,9.325910321100523,91.25022915034938,8.281964530525807,86.69564159620958,10.209934037483606,89.80982071891648,9.184316567472933,50,22,result_model_1,unrelaxed_model_1
91,2vdb_A,2vdb_B,95.7252184267794,1.1139461054778073,93.68927006296558,4.055428972475012,90.63125169152084,13.580517519381432,93.39916256583007,5.760708724172806,130,42,result_model_1,unrelaxed_model_1
92,2vrr_A,2vrr_B,96.79417130312862,1.990439257510194,96.22658785653617,4.844120414959535,84.68569804805463,20.364931893650294,91.83652389017261,14.272077742750705,36,18,result_model_1,unrelaxed_model_1
93,2wbw_A,2wbw_B,0.0,0.0,94.02568360112448,6.915330317480597,91.67724885639758,8.518879304015762,93.08326965825674,7.686266303499071,0,0,result_model_1,unrelaxed_model_1
94,2wy7_A,2wy7_B,66.72507417526299,11.81565772061814,90.76190968044483,9.915345997402634,84.63122053383007,16.135645626582495,89.55587247127471,11.667523277862308,14,11,result_model_1,unrelaxed_model_1
95,2wy8_A,2wy8_B,69.55062615284399,12.940115532303842,90.56224982259374,10.284477991830032,81.6340920530173,15.753844324361998,88.80589091710328,12.098860970379501,20,15,result_model_1,unrelaxed_model_1
96,2x0b_A,2x0b_B,66.16912100979295,18.49461462323335,81.60965491985284,13.705727616536889,90.18852065174775,10.049066476049315,85.29588628902643,12.983000676553491,190,78,result_model_1,unrelaxed_model_1
97,2x9a_A,2x9a_B,91.22277952612278,11.11591757708323,87.80777666546344,15.414321394945015,94.19916458789294,3.017762903746237,90.22403307516241,12.681648457128835,98,42,result_model_1,unrelaxed_model_1
98,2xgy_A,2xgy_B,84.77086261834644,7.405517243208925,93.92537063289741,6.501949173499614,90.54283570643284,8.144255075295137,92.35490798846742,7.502589782661448,44,25,result_model_1,unrelaxed_model_1
99,2zae_A,2zae_B,92.27733966290889,3.4360033612699863,93.06136681334223,7.430794649241033,91.58861899552646,5.583092801442453,92.39748567266881,6.701821339608844,78,32,result_model_1,unrelaxed_model_1
100,3a1p_A,3a1p_B,91.4796231920373,7.983287078575581,92.72051748529074,4.8876910643404035,93.39949932018186,8.474314182315634,92.93143524676756,6.235016030767439,96,36,result_model_1,unrelaxed_model_1
101,3a8i_A,3a8i_B,89.56811625614824,4.343221976578595,92.09682148792116,6.673407050890534,95.00883139699091,3.7680878287228046,92.87988297607437,6.167974769469461,44,18,result_model_1,unrelaxed_model_1
102,3av0_A,3av0_B,56.58994424540287,18.060931815598444,81.85816580996332,10.227136162740925,92.39645992696195,9.576504372288255,86.7160245119082,11.236080208347959,2,2,result_model_1,unrelaxed_model_1
103,3bh6_A,3bh6_B,91.3794555572793,4.70392450103443,95.37776490369413,3.7552502269198467,91.97159515689324,9.836173109938418,94.15575761308926,6.813379796972112,88,42,result_model_1,unrelaxed_model_1
104,3bs5_A,3bs5_B,94.21029483816984,0.9987368220918297,87.09390152499083,15.662746592430276,92.36246457139615,7.267058547215038,89.59480170524651,12.68310855289967,50,21,result_model_1,unrelaxed_model_1
105,3buz_A,3buz_B,76.69284995257715,18.047310368207384,89.92620797692096,7.597831100746023,94.45421932892086,4.3414362391972805,92.04981020014571,6.678256585315759,16,11,result_model_1,unrelaxed_model_1
106,3bx1_A,3bx1_B,77.28926692650919,10.929507034122024,96.54557804724458,3.1184972933085904,83.50657119598166,12.122440165942365,91.28371718930697,10.296870365932719,14,11,result_model_1,unrelaxed_model_1
107,3cbk_A,3cbk_B,76.7800206665563,13.38827690860952,95.30412582353149,4.816352976258752,87.03417001779599,10.693570560088542,92.81861998027765,8.060453483230669,50,29,result_model_1,unrelaxed_model_1
108,3cu1_A,3cu1_B,84.36124529296325,7.189162437340973,94.63477406911043,5.600235294620688,93.35953001134803,5.7864776844375525,94.08509990628183,5.716253345469492,50,18,result_model_1,unrelaxed_model_1
109,3cw2_A,3cw2_B,89.63700496012862,7.671268820157904,87.4742682190829,9.884143416374666,84.71514136625898,13.808326239766656,86.81491805204777,11.013570305617609,84,34,result_model_1,unrelaxed_model_1
110,3d3c_A,3d3c_B,90.87518717653819,3.4630593026822822,90.42694581560455,6.948595152005854,90.05553880903031,4.217287608750277,90.29127202324867,6.097075759488195,68,31,result_model_1,unrelaxed_model_1
111,3d5r_A,3d5r_B,84.58341593256367,6.0195131490564195,91.53118811876188,8.758224516155133,92.20398486568246,6.217446921566743,91.64745044613343,8.378306155786545,20,9,result_model_1,unrelaxed_model_1
112,3daw_A,3daw_B,82.29198041664202,11.173404254598761,94.88995747251057,4.346294401722595,90.39810968130615,8.23786853431453,93.61681897679995,6.071942250087961,110,49,result_model_1,unrelaxed_model_1
113,3e2l_A,3e2l_B,85.15077156393922,10.056407134569554,96.5857524680262,2.8600813381517347,92.29017371779055,7.169216967275048,94.92197196617435,5.412763963047504,14,9,result_model_1,unrelaxed_model_1
114,3f1p_A,3f1p_B,85.602538747024,15.106011689399233,85.76091563621121,18.42142603549177,92.2119014012852,10.538780928946576,88.91719193328605,15.429057732021324,78,39,result_model_1,unrelaxed_model_1
115,3f7p_A,3f7p_B,92.15074633917814,2.976922899796699,93.52555968700973,9.224256700674406,90.88347096187415,12.201572473768396,92.27465927289688,10.818008168284548,42,21,result_model_1,unrelaxed_model_1
116,3fap_A,3fap_B,90.25751887468182,3.971598387712555,96.6297694592857,2.331462541989911,95.49517033026677,3.5542989230808018,96.10831228382752,3.0105324348902216,30,17,result_model_1,unrelaxed_model_1
117,3fn1_A,3fn1_B,92.46632581041469,6.187125915595682,90.91164375986614,15.470652011131973,93.44056963245876,8.036768094749245,91.82018379557533,13.34287034165946,154,51,result_model_1,unrelaxed_model_1
118,3fpu_A,3fpu_B,87.0910304633187,12.400908071409319,89.30501074595121,13.097009932346715,88.43111236190694,14.97044087602795,88.92094075551135,13.958125717127919,12,8,result_model_1,unrelaxed_model_1
119,3g3a_A,3g3a_B,89.786894735166,4.275162845463707,95.26104447243196,5.669794282544051,95.23390366878104,3.590709677359412,95.24913575246268,4.868145521766706,26,16,result_model_1,unrelaxed_model_1
120,3hzi_A,3hzi_B,91.63767109145662,5.367749133901859,85.85068162457462,11.885338739973651,92.84820459355116,4.478448772576176,86.86078431256495,11.393555183726825,52,23,result_model_1,unrelaxed_model_1
121,3k1i_A,3k1i_B,93.53245442306074,5.35519582297091,94.86636113574751,3.7623178372539465,95.7489966231743,3.251683326768472,95.28099455077128,3.5590124950960407,92,37,result_model_1,unrelaxed_model_1
122,3k9m_A,3k9m_B,88.40412279417875,7.115532797793297,96.26428357342797,3.6722268274586027,92.34793096957617,6.17729354721084,95.204302099451,4.81570543596935,104,45,result_model_1,unrelaxed_model_1
123,3kld_A,3kld_B,87.63363133341657,3.1736004298770695,93.8453903928667,4.163644141380771,90.47113673183178,9.049185324284561,92.46856973364999,6.8136317511790745,2,2,result_model_1,unrelaxed_model_1
124,3l1z_A,3l1z_B,92.71597373436926,3.028609172162798,94.67722505338298,6.983794272144041,89.83044390001199,14.271393385516973,92.93892801525415,10.475277928162404,50,21,result_model_1,unrelaxed_model_1
125,3l4q_A,3l4q_B,68.7145224134337,15.370348864105882,85.64366934227775,6.224263173679566,70.43491677811164,15.816211481885377,79.14098715053181,13.628850885440862,56,27,result_model_1,unrelaxed_model_1
126,3lb8_A,3lb8_B,89.1878823298347,3.5090734364227827,95.25693226768271,4.784538893031966,92.57376078741456,4.509590680711718,94.71621710245758,4.851319782343335,76,39,result_model_1,unrelaxed_model_1
127,3lwn_A,3lwn_B,78.39954970482518,8.543275177893964,86.87698061531351,10.520312236749497,91.96105749688861,8.447681224725164,89.3980104739458,9.88150368091119,94,40,result_model_1,unrelaxed_model_1
128,3m18_A,3m18_B,90.06112575331836,4.4616415705027705,94.55473329975175,6.3031533397518915,93.80829332638675,4.676692476952021,94.29164380094278,5.793322993475246,20,12,result_model_1,unrelaxed_model_1
129,3mj7_A,3mj7_B,90.17926181433714,3.763409691999376,90.18772242268614,8.044947326571775,87.04442175483955,13.312640747125416,88.77209548753007,10.855189183030532,80,35,result_model_1,unrelaxed_model_1
130,3mzw_A,3mzw_B,83.89201795850339,10.492020279874845,93.54928424759426,6.051284083550147,86.22615132529819,11.49174196807715,92.79619611019501,7.168042201621836,16,9,result_model_1,unrelaxed_model_1
131,3oed_A,3oed_B,73.57795632236675,10.735069448736153,88.86837787073469,10.91091640708472,89.16467368423469,5.772327531240833,88.9592232852512,9.632348159314729,42,26,result_model_1,unrelaxed_model_1
132,3oj4_A,3oj4_B,82.12245938584161,13.440247709698493,93.3879352761219,6.118521616303721,90.01885767304192,12.022709991806988,92.2549711264136,8.717154498950345,40,22,result_model_1,unrelaxed_model_1
133,3ona_A,3ona_B,95.09178803294448,1.793418368003662,94.27680718306365,5.801975954652659,87.80091349538729,14.099973649164063,92.17282484571733,9.824280463097647,52,24,result_model_1,unrelaxed_model_1
134,3ong_A,3ong_B,90.21850564781278,2.841811940113951,94.87333713006312,3.966972744107377,94.42725138085619,4.55999321642308,94.68691323487216,4.230663449205179,38,20,result_model_1,unrelaxed_model_1
135,3onl_A,3onl_B,95.88397115345553,2.0026630181261926,96.68527665467829,2.7278372639716904,95.47259797100367,5.495621115430869,96.1804275889425,4.156194272844909,60,26,result_model_1,unrelaxed_model_1
136,3oun_A,3oun_B,94.90939555595308,1.8731344909958678,94.56001708507962,5.286251245555308,95.36913942170777,4.170551117147302,94.78194778312621,5.018046600558639,30,15,result_model_1,unrelaxed_model_1
137,3pro_A,3pro_B,93.74281930121573,4.771468648032509,90.81432620382647,8.97366996047813,95.18954741125742,3.592061514252902,92.75428277693264,7.434171223445014,180,66,result_model_1,unrelaxed_model_1
138,3prp_A,3prp_B,84.39468438386893,6.919212958912462,85.91717469441191,14.0607761920142,91.72624189345855,10.856405860133655,87.62176584162252,13.463758345253089,24,14,result_model_1,unrelaxed_model_1
139,3pv6_A,3pv6_B,93.48992454508527,4.737986691605448,91.60106359893484,6.837575872266448,90.62444030575593,13.192775784606685,91.24806722790629,9.642795529216416,68,29,result_model_1,unrelaxed_model_1
140,3qc8_A,3qc8_B,91.36683045609705,6.466122593722778,94.40586835951402,5.64760589689784,93.44172274140855,4.940217491710117,94.0922306283231,5.44638105642127,54,28,result_model_1,unrelaxed_model_1
141,3qlu_A,3qlu_B,70.89538616040795,10.159890822097086,84.12992500723216,10.59806848862271,80.78368697837723,11.607748343004117,82.47893719669925,11.232986717676184,198,77,result_model_1,unrelaxed_model_1
142,3rj3_A,3rj3_B,95.68156896096446,1.8859805953741675,91.3615261595253,8.669631505427175,92.51106429813159,7.960827719190056,91.70446713166321,8.480713355952853,76,33,result_model_1,unrelaxed_model_1
143,3rnk_A,3rnk_B,92.95553405825598,5.472262505632715,94.75797184957894,4.382372521960572,92.09627006102662,8.762144065779566,93.47641172916484,6.978022826161111,92,39,result_model_1,unrelaxed_model_1
144,3t5g_A,3t5g_B,78.32071062963861,12.675861844032282,89.53669750612514,10.071744828109908,91.97848685865439,6.42640347219816,90.66900991881221,8.662209584756923,14,9,result_model_1,unrelaxed_model_1
145,3tg1_A,3tg1_B,78.77289183972874,8.564466618207208,90.6947111510445,7.817992517509231,83.32755096936108,12.450187365054646,88.5988810993587,9.943732319736888,54,27,result_model_1,unrelaxed_model_1
146,3ulq_A,3ulq_B,88.40496943398138,4.2471097629889165,91.18556479727052,11.859976272885211,85.58429746239561,12.892367196826296,90.33050407579626,12.190910096690516,38,20,result_model_1,unrelaxed_model_1
147,3vlb_A,3vlb_B,85.35652698807114,5.232129794781069,94.71273834119745,5.077290728638251,94.10054069770601,6.853827764052625,94.4990010912581,5.767517318453618,58,31,result_model_1,unrelaxed_model_1
148,3w31_A,3w31_B,75.30770168876086,10.6704051465472,78.44568825736867,12.189082978755344,91.81462558433569,6.209008724502448,84.28724738264165,12.019619774594167,50,24,result_model_1,unrelaxed_model_1
149,3wkt_A,3wkt_B,84.85611582329442,3.022606635499696,91.41874464131851,8.072487637014508,93.12136254787929,4.801421265437117,91.86471799750456,7.3956122440787135,16,9,result_model_1,unrelaxed_model_1
150,3znz_A,3znz_B,81.95399238386203,9.083085595491378,92.1558245779965,7.942539625561804,90.62080247655399,7.922973986230395,91.61102057076991,7.969519297180909,48,24,result_model_1,unrelaxed_model_1
151,4bbn_A,4bbn_B,76.7463396256175,12.683999501437027,87.70048426096857,11.443691794041342,88.23605670581215,12.610176981077633,87.79013956010539,11.648822912892442,32,17,result_model_1,unrelaxed_model_1
152,4bi8_A,4bi8_B,95.66676199841078,1.9656184548406492,96.75162071612085,2.4229351360163367,96.13117750406963,2.277888428817715,96.52622533049285,2.3899701491562304,106,39,result_model_1,unrelaxed_model_1
153,4bmp_A,4bmp_B,89.31356923379724,8.239619634143393,93.71769972783235,11.219262826244401,94.99562703638301,3.279326347974524,94.07625487195808,9.69031699744654,70,37,result_model_1,unrelaxed_model_1
154,4bos_A,4bos_B,85.76643876746735,11.202612041173246,92.24694354597477,12.503672160632263,90.97343867692746,11.423949920682134,91.86134047805606,12.200884768216069,34,20,result_model_1,unrelaxed_model_1
155,4boz_A,4boz_B,85.8056080688378,10.797130858756278,92.43326197938858,12.265430280635895,90.98691068166953,11.366182845579393,91.99532294103541,12.01864959167785,38,21,result_model_1,unrelaxed_model_1
156,4c0o_A,4c0o_B,78.76574623853641,20.166536932176722,92.28590610440435,5.181434655234133,69.1589521614437,26.041018594094805,89.67777656792275,12.402080242837961,106,61,result_model_1,unrelaxed_model_1
157,4c6t_A,4c6t_B,95.538182755679,2.092907745289125,93.10296060666394,9.141137632819175,80.64028231158267,12.165020702418493,87.28157798198782,12.341647623520812,68,29,result_model_1,unrelaxed_model_1
158,4cpa_A,4cpa_B,70.81342088524862,26.109630219102456,97.41246506019903,2.644480094730904,41.95006353953217,5.112131286670372,91.16092269226259,17.798722248445223,22,14,result_model_1,unrelaxed_model_1
159,4emj_A,4emj_B,90.59957611485424,2.7611754601529985,95.41142660996998,4.131329677361655,93.44868727714304,3.9773562251800456,95.00494213275728,4.176351113675052,66,31,result_model_1,unrelaxed_model_1
160,4etw_A,4etw_B,77.66873117768735,5.639352254486214,90.948281828606,8.548920836039278,89.6323049704969,6.833149084716222,90.63745293880723,8.195288563898892,36,17,result_model_1,unrelaxed_model_1
161,4f7g_A,4f7g_B,88.02107092944327,3.2498655477582377,89.0947970220936,12.339896963451606,90.77760130316948,10.165677680935303,89.86534424553358,11.426734619259003,50,17,result_model_1,unrelaxed_model_1
162,4fme_A,4fme_B,53.26298932011855,9.6401871296864,54.542348840481786,21.979196929696325,87.73202140224967,14.297320323612656,65.32899242305635,25.182737627997174,30,18,result_model_1,unrelaxed_model_1
163,4ged_A,4ged_B,93.11464368545575,2.605431220936794,96.04837443502822,3.0662781260063348,94.74217894729594,3.162330874761204,95.67017306056417,3.1505963367872027,68,32,result_model_1,unrelaxed_model_1
164,4gmj_A,4gmj_B,97.3734787450012,0.7098832052136962,96.49856366667663,2.431488821674692,92.95386455437848,10.374844477685398,94.78808257552659,7.6247407127586,86,35,result_model_1,unrelaxed_model_1
165,4goj_A,4goj_B,94.24212142535828,3.3203701393949827,91.23958508800318,16.124069668228667,92.22342055274635,6.091838136324546,91.71563450642729,12.344413663619193,64,24,result_model_1,unrelaxed_model_1
166,4hcn_A,4hcn_B,90.08160802970086,7.900042948656542,92.56035114003787,5.816065114380193,92.91181880239782,10.538176646641958,92.64254050108204,7.204712191706973,94,43,result_model_1,unrelaxed_model_1
167,4ilh_A,4ilh_B,69.35465791632564,18.966000789040407,87.91534957083563,10.6088334265673,92.27186744133161,5.143465090317857,89.9169929167392,8.815051312706828,24,13,result_model_1,unrelaxed_model_1
168,4j38_A,4j38_B,84.07145416425855,6.358079824198231,85.78612659179817,18.436819507899393,92.03579218336834,7.787561633644443,88.55350618954142,15.02967201118735,38,15,result_model_1,unrelaxed_model_1
169,4j4l_A,4j4l_B,79.14452972712174,9.06139437639516,96.00128726934604,4.258988333213169,75.49485948116089,13.214922116369232,88.33578926281015,13.23142070296675,38,21,result_model_1,unrelaxed_model_1
170,4jhp_A,4jhp_B,74.7988928895783,13.108050262736947,94.36438291865583,7.892593428654628,84.88837410007778,9.380137787506305,91.70279478435403,9.36199978367861,36,19,result_model_1,unrelaxed_model_1
171,4jqw_A,4jqw_B,0.0,0.0,92.95432801166251,5.368239882305467,95.04565399150684,5.463322001921617,93.87005654721567,5.508673558639905,0,0,result_model_1,unrelaxed_model_1
172,4jx1_A,4jx1_B,82.51288914475212,4.488613765881706,94.36543998616352,4.634341688364748,91.35022008208682,5.923093241801433,93.73751599828114,5.080316348494475,38,22,result_model_1,unrelaxed_model_1
173,4k0v_A,4k0v_B,84.29498593907785,4.036381163574179,89.08920308116998,9.429725213642973,92.25284096148172,5.051446608550152,90.16187404996317,8.346567643595149,10,6,result_model_1,unrelaxed_model_1
174,4kyi_A,4kyi_B,65.30503687961891,12.418637973867114,78.88790939699183,19.199301743566465,89.37088301644275,9.975082673470038,81.27040340141248,18.07625404771769,6,5,result_model_1,unrelaxed_model_1
175,4l41_A,4l41_B,80.07816709803102,5.8453344496448905,94.15969648938508,6.322888230282154,90.75342830007047,6.198632414198918,93.10496369980035,6.478996038345209,50,25,result_model_1,unrelaxed_model_1
176,4llo_A,4llo_B,90.52684028275505,1.5298744171253378,92.53494989209761,5.049292443738859,92.21609197895052,10.317337794047742,92.39653095305701,7.788602532693165,40,16,result_model_1,unrelaxed_model_1
177,4lsx_A,4lsx_B,80.4010358877972,7.600764101993098,90.4026301589214,9.179315976724443,90.020594132981,7.649023933464823,90.32614070701085,8.89534787809883,32,20,result_model_1,unrelaxed_model_1
178,4lx0_A,4lx0_B,78.50526617292259,11.384546540495604,93.7823144133477,7.459005096503745,89.8958232975154,10.62923907135431,92.55269010551375,8.77760951574841,12,8,result_model_1,unrelaxed_model_1
179,4m3k_A,4m3k_B,92.27847251066908,6.3279955978628095,97.43634217933561,1.997360366318375,91.0174488209578,9.872845183466247,95.3994133536104,6.525386439646018,12,8,result_model_1,unrelaxed_model_1
180,4mdk_A,4mdk_B,80.7239891289203,11.35967657266325,92.16166799556117,7.1916120825526635,92.9767385573124,8.001544970709858,92.41616260134003,7.463521423521462,72,32,result_model_1,unrelaxed_model_1
181,4ml7_A,4ml7_B,87.78710582105185,5.616623926535841,96.74303500904041,2.1525981182327696,92.87164063296521,6.036681143265334,95.08873873380122,4.679029003816245,38,15,result_model_1,unrelaxed_model_1
182,4mrt_A,4mrt_B,89.61408837099688,6.938690663420972,92.9314943934668,5.986133227870188,87.5645849338979,15.230450394555337,91.41255775396617,9.858392816569506,52,28,result_model_1,unrelaxed_model_1
183,4n6o_A,4n6o_B,92.19962996719673,7.532420259533581,97.24977048681275,3.177797132800416,91.07339100369953,8.678698973091016,95.34934603047022,6.188105828053591,98,43,result_model_1,unrelaxed_model_1
184,4nyi_A,4nyi_B,77.84703632066821,13.3137341563667,88.91752290170923,9.301658280252445,89.37809231992978,11.433707442864776,89.03907222352896,9.911066882756067,70,35,result_model_1,unrelaxed_model_1
185,4nzl_A,4nzl_B,76.5319554376731,12.854442742240561,94.00608397082732,6.754258556445329,87.70042709885662,9.320692541485288,91.98582497301147,8.215554758847713,36,22,result_model_1,unrelaxed_model_1
186,4o4b_A,4o4b_B,75.78542628032307,16.528301122244944,90.89476511454099,13.406841030847676,87.31490793243456,10.927794443304723,89.5035409963764,12.623144138275814,24,14,result_model_1,unrelaxed_model_1
187,4ol0_A,4ol0_B,72.370942042543,16.95577569732377,91.24425410291832,6.075521882806313,81.42545047451365,13.37087524141894,89.4026669630986,8.843705742096905,98,49,result_model_1,unrelaxed_model_1
188,4p2a_A,4p2a_B,67.6575751127645,11.56721932024242,89.9566708459061,9.29796339639866,80.276638020925,18.67467754155759,87.28547191445561,13.324911810019564,18,10,result_model_1,unrelaxed_model_1
189,4p4q_A,4p4q_B,87.01241670135165,4.388747563669256,95.84229630679344,3.721870771080296,93.51653101396498,4.735757437853835,95.21276585159177,4.152255634865562,48,22,result_model_1,unrelaxed_model_1
190,4pj2_A,4pj2_B,94.71595592297203,6.783900733145665,96.49658587592938,4.901664930326928,95.44770143029291,3.6678745314796055,95.97647788635756,4.365606755099593,102,40,result_model_1,unrelaxed_model_1
191,4pou_A,4pou_B,91.17524773478084,4.248981681156357,93.99644536087479,6.626778107909401,89.66217100104043,9.311291554016979,91.85584455458924,8.351107336984766,48,20,result_model_1,unrelaxed_model_1
192,4pw9_A,4pw9_B,84.69524532044532,5.691714112565208,96.40391602811997,3.2710159782533705,91.39218290824361,8.230897205253758,95.44824186335418,5.045212818611498,46,20,result_model_1,unrelaxed_model_1
193,4r62_A,4r62_B,82.03870191794712,13.07576143381317,92.49056396614431,8.125892224786533,88.90860085009733,12.01485534732106,91.30179018090601,9.740120506982175,62,31,result_model_1,unrelaxed_model_1
194,4rf0_A,4rf0_B,85.41320998508837,7.661814551730926,91.70064926143202,7.176737376116595,90.1598554562601,10.296643169232784,91.40344030408922,7.89878508223947,38,17,result_model_1,unrelaxed_model_1
195,4rix_A,4rix_B,83.41639930443566,11.426731349329788,89.85655256254549,10.773356402162323,89.959494224899,9.39812960057942,89.90611031858117,10.134752026142936,120,51,result_model_1,unrelaxed_model_1
196,4rws_A,4rws_B,0.0,0.0,87.30351725917008,11.435995229028812,82.29515326695677,17.581005081967863,86.59797391899717,12.607015744093792,0,0,result_model_1,unrelaxed_model_1
197,4s10_A,4s10_B,90.4759295013564,5.748970787468878,89.01724483502021,11.505302952459873,94.16289381072927,6.397432227584614,91.32391506551048,9.895860837556485,14,10,result_model_1,unrelaxed_model_1
198,4txo_A,4txo_B,91.90482484416408,3.262869836712421,95.61700370454311,4.515228411187687,94.95199211939335,3.3236108128432327,95.30440843846972,4.013311540498134,74,31,result_model_1,unrelaxed_model_1
199,4txv_A,4txv_B,88.7628878004171,3.114123014921713,94.8576134509765,4.8376532542957245,94.03304921064911,5.476512466057029,94.49670194642425,5.143380311105258,8,7,result_model_1,unrelaxed_model_1
200,4v2c_A,4v2c_B,90.5881094490216,3.951269160143771,95.50112434801596,3.220905160216578,91.28854528670347,5.194293117267795,94.46025399720214,4.216490631879489,32,15,result_model_1,unrelaxed_model_1
201,4wm0_A,4wm0_B,78.01574318421804,16.139514745578335,91.72808141114749,9.975174939555131,89.86047054162474,6.704558615284421,91.50669288862046,9.66446065551294,18,12,result_model_1,unrelaxed_model_1
202,4x6q_A,4x6q_B,56.80996849866388,11.891993036819093,85.55593260469291,14.208458547374846,82.09629686136564,11.614717070729169,84.06160254412971,13.262233568347085,56,28,result_model_1,unrelaxed_model_1
203,4xhu_A,4xhu_B,94.87689100748318,2.54842539797356,94.42603711109717,5.51436199182775,94.91648390363872,2.7933204127932707,94.52963710772393,5.066868926527884,82,34,result_model_1,unrelaxed_model_1
204,4xkl_A,4xkl_B,85.86848185929452,8.894710529178251,92.23900441459207,7.70343053234896,84.1250025397507,11.007392792801134,89.75972606394609,9.602202345538794,4,3,result_model_1,unrelaxed_model_1
205,4xoi_A,4xoi_B,86.37194065086703,4.587283404545244,84.09936099732418,12.024713469956382,94.91067996056324,5.288230772425569,88.99348748451938,10.988961230590018,82,30,result_model_1,unrelaxed_model_1
206,4xs0_A,4xs0_B,0.0,0.0,92.44432346227953,6.084151976159986,93.00397860883578,6.156527042456348,92.71828052702735,6.126078793811281,0,0,result_model_1,unrelaxed_model_1
207,4y5o_A,4y5o_B,70.81081382765933,9.39690960456985,92.24675779003421,6.757176527408958,92.57446723543941,6.895977649456106,92.41159367874101,6.82931127283433,10,5,result_model_1,unrelaxed_model_1
208,4y7m_A,4y7m_B,85.34660306329533,5.769895749609728,93.6836926943237,5.405638163629119,89.78530888969752,10.557080891428898,92.27652206965918,7.899924727858911,24,13,result_model_1,unrelaxed_model_1
209,4yeb_A,4yeb_B,85.86367994900513,6.686498928663012,94.16395238607006,4.565353121533773,93.14134699743153,6.43492206236099,93.7102487820987,5.4977326455482824,24,13,result_model_1,unrelaxed_model_1
210,4zfr_A,4zfr_B,91.02783766023681,4.283226960072017,93.86010495876572,5.130133655087551,94.1158077900876,5.056359941342564,93.93456248819277,5.110082203984162,116,44,result_model_1,unrelaxed_model_1
211,5bmu_A,5bmu_B,79.43578226280266,12.78036875583053,88.27047369788417,6.479111869612027,80.84061520729621,13.11322078632997,84.65779021163497,10.907304277046535,102,47,result_model_1,unrelaxed_model_1
212,5brr_A,5brr_B,61.48113322883639,19.716651746978815,86.63984680591636,13.086053057911391,86.1934811536801,14.253124270074297,86.46621997198329,13.55371533715593,28,18,result_model_1,unrelaxed_model_1
213,5cec_A,5cec_B,82.0558746446686,5.083817261088176,89.93137302259262,8.52723614054142,92.95484006414486,5.99904442363222,90.90174251228001,7.932162898052057,26,14,result_model_1,unrelaxed_model_1
214,5cra_A,5cra_B,90.62698621507808,2.2695854702980554,94.54666921018939,6.943345647579158,93.75382968338637,8.996836461015157,94.32183412049898,7.590800591325373,20,11,result_model_1,unrelaxed_model_1
215,5eg3_A,5eg3_B,81.47105026783102,11.506907282936229,90.25330106590516,11.604986483079731,90.47028446281952,7.799006571775257,90.30768152021871,10.778494252378945,14,10,result_model_1,unrelaxed_model_1
