id1,id2,num_if_contacts_total,num_intra_contacts1,num_intra_contacts2,num_accurate_if,num_accurate_intra1,num_accurate_intra2,l1,l2
4G4S_P,4G4S_O,105,385,439,0,14,12,190,200
5XJL_A,5XJL_2,29,165,254,1,18,35,81,204
5XJL_2,5XJL_M,55,254,1,1,5,0,204,17
4IFD_C,4IFD_J,22,768,2145,0,151,455,338,948
4IFD_A,4IFD_G,51,664,506,1,139,70,300,236
4IFD_C,4IFD_I,44,768,576,0,159,113,338,230
4IFD_K,4IFD_I,52,22,576,0,0,51,81,230
4IFD_I,4IFD_G,25,576,506,0,110,71,230,236
5JEA_K,5JEA_I,91,127,561,0,12,38,185,235
5JEA_K,5JEA_C,50,127,729,0,31,83,185,314
4UB8_A,4UB8_I,38,525,9,0,17,0,334,37
4UB8_B,4UB8_O,43,906,634,0,56,73,504,243
4UB8_K,4UB8_Y,28,7,5,1,1,0,37,29
4UB8_B,4UB8_U,26,906,141,0,60,10,504,97
4UB8_B,4UB8_L,36,906,1,0,39,0,504,37
4UB8_l,4UB8_m,53,1,0,4,0,0,37,33
4UB8_o,4UB8_u,42,640,136,3,72,13,243,97
4UB8_U,4UB8_V,38,141,240,1,16,34,97,137
4UB8_E,4UB8_R,43,26,0,1,0,0,81,34
4UB8_A,4UB8_T,20,525,1,0,13,0,334,29
4UB8_e,4UB8_j,28,27,7,0,0,0,81,38
4UB8_Z,4UB8_Y,28,36,5,2,8,0,62,29
4UB8_A,4UB8_V,31,525,240,0,28,26,334,137
4UB8_T,4UB8_L,30,1,1,4,0,0,29,37
4UB8_A,4UB8_B,45,525,906,0,19,44,334,504
4UB8_B,4UB8_H,115,906,13,4,49,1,504,65
4UB8_A,4UB8_O,36,525,634,0,32,72,334,243
5H2F_F,5H2F_J,20,2,7,1,0,0,33,36
1SXJ_B,1SXJ_G,20,583,622,0,112,143,316,251
3WTP_C,3WTP_F,26,117,66,0,5,2,107,85
3WTP_H,3WTP_F,20,64,66,1,2,1,93,85
2FYU_D,2FYU_H,70,356,55,4,42,6,241,64
2FYU_D,2FYU_G,46,356,5,1,51,0,241,75
2FYU_D,2FYU_J,40,356,13,3,53,1,241,60
2FYU_C,2FYU_D,66,586,356,0,17,13,378,241
2FYU_C,2FYU_E,79,586,330,0,20,26,378,196
2FYU_C,2FYU_F,67,586,92,2,13,1,378,106
2FYU_I,2FYU_A,90,47,1054,0,0,26,57,446
2FYU_C,2FYU_G,66,586,5,1,14,0,378,75
2FYU_J,2FYU_K,30,13,9,0,0,0,60,53
2FYU_C,2FYU_A,14,586,1054,0,19,28,378,446
2FYU_A,2FYU_K,20,1054,9,0,77,0,446,53
2FYU_A,2FYU_G,61,1054,5,1,102,0,446,75
2FYU_F,2FYU_G,16,92,5,2,8,0,106,75
3L75_E,3L75_D,39,338,358,5,70,75,196,241
3L75_R,3L75_T,29,331,7,4,33,0,196,78
3L75_E,3L75_J,43,338,16,4,32,4,196,61
3L75_Q,3L75_S,15,358,93,0,43,11,241,101
1JB0_D,1JB0_C,110,227,174,4,26,12,138,80
1JB0_J,1JB0_F,51,6,149,7,0,24,41,141
1JB0_A,1JB0_C,35,1353,174,0,80,4,740,80
1JB0_D,1JB0_L,37,227,201,1,27,17,138,151
1JB0_A,1JB0_D,59,1353,227,0,78,22,740,138
1JB0_E,1JB0_C,34,146,174,0,16,10,69,80
1JB0_A,1JB0_E,35,1353,146,0,72,14,740,69
1JB0_A,1JB0_F,54,1353,149,0,85,21,740,141
2J3T_A,2J3T_C,35,290,245,1,30,32,158,141
1K8K_A,1K8K_F,15,916,270,0,62,18,401,167
1K8K_D,1K8K_F,120,520,270,4,36,17,284,167
1K8K_A,1K8K_E,40,916,332,1,58,29,401,174
1K8K_C,1K8K_F,65,1079,270,1,175,16,354,167
1K8K_A,1K8K_D,91,916,520,2,54,34,401,284
1K8K_G,1K8K_F,70,181,270,4,19,14,139,167
1K8K_C,1K8K_G,44,1079,181,0,170,16,354,139
2Y69_N,2Y69_S,87,1072,145,2,61,19,513,93
2Y69_E,2Y69_I,32,126,12,1,14,1,104,71
2Y69_B,2Y69_I,80,429,12,2,12,2,227,71
2Y69_E,2Y69_D,82,126,92,2,15,9,104,144
2Y69_B,2Y69_E,20,429,126,0,29,15,227,104
2Y69_O,2Y69_U,54,414,68,2,24,7,226,75
2Y69_M,2Y69_L,38,3,11,4,0,0,43,46
2Y69_A,2Y69_M,60,1067,3,0,20,0,513,43
2Y69_C,2Y69_G,114,332,39,9,28,1,259,83
2Y69_A,2Y69_D,76,1067,92,1,57,7,513,144
2Y69_A,2Y69_B,246,1067,429,34,170,86,513,227
2Y69_B,2Y69_D,43,429,92,7,25,8,227,144
2Y69_Q,2Y69_X,95,87,7,5,3,0,144,49
2Y69_P,2Y69_S,70,331,145,2,33,23,259,93
2Y69_A,2Y69_T,44,1067,41,0,50,1,513,83
2Y69_N,2Y69_Y,97,1072,13,3,44,0,513,46
2Y69_N,2Y69_P,213,1072,331,15,176,64,513,259
3X1L_C,3X1L_B,69,748,838,0,110,112,322,319
3X1L_D,3X1L_G,30,775,257,0,115,32,331,152
3X1L_B,3X1L_A,117,838,1227,1,113,121,319,573
3X1L_F,3X1L_A,34,226,1227,0,34,116,146,573
3X1L_C,3X1L_A,14,748,1227,0,117,129,322,573
1PRT_E,1PRT_F,44,254,206,0,31,8,110,98
1PRT_B,1PRT_F,57,512,206,1,11,17,196,98
1PRT_G,1PRT_K,47,577,260,0,47,24,224,110
1PRT_G,1PRT_L,44,577,207,0,32,6,224,98
1PRT_B,1PRT_D,90,512,253,1,11,5,196,110
4H44_B,4H44_G,31,96,4,0,6,1,160,37
4H44_A,4H44_G,51,239,4,1,9,1,215,37
4H44_B,4H44_C,78,96,663,8,5,67,160,289
4H44_G,4H44_F,35,4,1,3,1,0,37,32
4H44_A,4H44_D,23,239,307,0,52,45,215,166
4H44_C,4H44_E,18,663,5,2,47,1,289,31
4H44_B,4H44_A,196,96,239,23,9,51,160,215
1U35_C,1U35_F,28,111,68,0,3,2,106,83
4GAM_I,4GAM_M,20,237,201,0,13,9,132,166
4GAM_L,4GAM_I,27,646,237,0,51,42,388,132
4GAM_B,4GAM_C,85,636,200,0,17,7,388,166
2WJN_L,2WJN_C,116,384,559,0,36,66,273,332
2WJN_L,2WJN_H,125,384,432,2,38,79,273,242
3GE3_A,3GE3_C,98,998,180,1,51,23,491,83
3ZIA_M,3ZIA_T,23,1217,17,0,66,1,484,36
3ZIA_A,3ZIA_G,26,1190,466,2,288,116,484,265
3ZIA_R,3ZIA_S,79,248,36,7,46,1,124,58
3ZIA_E,3ZIA_G,30,1174,466,0,244,118,468,265
3ZIA_G,3ZIA_H,68,466,248,8,117,63,265,124
3ZIA_G,3ZIA_I,87,466,36,3,30,1,265,58
3ZIA_Q,3ZIA_T,20,465,17,0,39,1,265,36
3ZIA_D,3ZIA_J,61,1171,17,0,64,0,470,36
4I6M_A,4I6M_D,34,840,38,0,20,3,388,53
4I6M_A,4I6M_C,30,840,0,0,92,0,388,68
4P1B_I,4P1B_A,52,297,952,0,69,84,111,490
5LXT_A,5LXT_E,108,1121,24,0,38,0,441,123
5LXT_A,5LXT_F,48,1121,768,0,58,59,441,354
5T5I_C,5T5I_A,13,923,1667,0,203,210,269,568
5T5I_B,5T5I_A,176,1138,1667,0,210,204,430,568
5T5I_F,5T5I_B,23,726,1138,0,35,220,335,430
5T5I_B,5T5I_G,86,1138,172,1,228,15,430,80
5T5I_B,5T5I_D,193,1138,294,5,223,63,430,130
5T5I_J,5T5I_K,99,1132,926,0,213,199,431,269
2WDQ_E,2WDQ_F,130,1724,510,4,496,94,588,238
2WDQ_C,2WDQ_B,77,109,510,4,12,110,121,238
2YPA_C,2YPA_D,108,218,0,2,15,0,126,30
2YPA_A,2YPA_C,19,20,218,0,0,33,67,126
3MHS_A,3MHS_E,215,955,39,2,37,0,455,86
3MHS_C,3MHS_B,82,55,64,4,6,10,93,91
3MHS_A,3MHS_B,66,955,64,0,111,8,455,91
3MHS_D,3MHS_A,113,153,955,0,12,130,75,455
3MHS_E,3MHS_B,36,39,64,0,1,4,86,91
3MHS_A,3MHS_C,132,955,55,1,101,2,455,93
3RKO_F,3RKO_E,154,122,50,26,29,6,168,95
3RZO_C,3RZO_L,37,566,62,0,102,9,266,46
3RZO_B,3RZO_K,18,2665,169,0,253,29,1114,114
3RZO_C,3RZO_K,131,566,169,24,111,34,266,114
3RZO_C,3RZO_J,67,566,81,10,107,14,266,65
4HUQ_T,4HUQ_S,162,226,217,3,34,33,245,164
4HUQ_A,4HUQ_T,51,614,226,2,185,35,284,245
4IIQ_B,4IIQ_A,152,635,476,4,54,39,243,197
4IIQ_C,4IIQ_A,30,850,476,0,74,35,359,197
4P6Z_M,4P6Z_B,223,1039,983,0,85,69,415,570
4P6Z_S,4P6Z_G,160,248,1002,0,12,90,147,587
4P6Z_V,4P6Z_S,40,0,248,0,0,21,10,147
4P6Z_M,4P6Z_G,50,1039,1002,0,90,84,415,587
4U7U_V,4U7U_M,27,759,1077,0,108,144,355,489
4U7U_V,4U7U_W,141,759,509,9,108,108,355,218
4U7U_E,4U7U_B,16,804,263,0,74,32,357,157
4U7U_P,4U7U_U,77,449,780,0,90,96,191,354
4U7U_A,4U7U_K,74,1049,502,2,150,104,480,218
4U7U_A,4U7U_B,28,1049,263,1,105,30,480,157
4UQI_S,4UQI_B,37,239,996,0,17,79,142,597
4UQI_M,4UQI_A,45,998,976,0,82,91,396,600
4UQI_S,4UQI_A,125,239,976,1,14,108,142,600
1B33_E,1B33_N,14,227,94,0,21,2,160,67
1J34_C,1J34_A,27,19,260,0,0,43,34,129
1SR4_B,1SR4_A,71,698,424,0,103,74,258,167
1XF6_C,1XF6_A,181,232,57,0,9,1,172,75
1YTZ_I,1YTZ_C,110,26,183,0,0,9,141,159
2BA1_E,2BA1_B,75,626,463,0,161,123,245,179
2D1P_D,2D1P_F,38,288,204,3,78,50,130,95
2GAG_A,2GAG_C,133,2772,460,7,718,119,965,190
2GAG_B,2GAG_D,65,1186,180,4,249,50,403,91
2GAG_A,2GAG_D,55,2772,180,4,632,45,965,91
2GAG_D,2GAG_C,29,180,460,2,53,107,91,190
2J3W_D,2J3W_C,19,280,245,0,33,30,157,135
2NUT_A,2NUT_C,20,1784,272,0,148,25,708,135
2OI9_A,2OI9_B,23,344,301,0,33,33,175,110
2WTK_E,2WTK_D,68,654,479,0,98,34,308,325
2ZZD_J,2ZZD_L,100,224,376,6,56,64,120,214
3BG4_C,3BG4_D,38,159,89,0,20,10,97,46
3OJY_A,3OJY_C,66,1073,384,0,80,35,478,165
3P8C_D,3P8C_F,118,67,58,1,0,1,204,156
3P8C_F,3P8C_B,98,58,1960,0,2,69,156,1086
3RLF_F,3RLF_E,131,800,910,0,165,241,490,374
3RLF_G,3RLF_E,47,413,910,0,113,228,286,374
3RLF_A,3RLF_G,80,899,413,0,227,115,371,286
3TQ7_A,3TQ7_Q,37,9,184,0,1,54,55,71
4F4O_D,4F4O_F,53,204,831,0,44,174,141,309
4G91_B,4G91_A,24,72,3,1,3,0,91,28
4LNU_A,4LNU_K,49,1111,724,0,67,75,434,309
4XS0_A,4XS0_C,83,205,686,0,11,73,141,316
5AWF_D,5AWF_B,71,535,1249,10,155,372,235,414
5BNX_A,5BNX_C,42,51,7,0,2,0,77,57
5BNX_C,5BNX_B,66,7,48,1,0,1,57,86
5BNX_D,5BNX_B,38,382,48,0,53,2,154,86
5BNX_A,5BNX_D,44,51,382,0,1,61,77,154
5I9E_A,5I9E_E,74,961,0,1,61,0,421,41
5IXI_B,5IXI_A,56,2,933,0,0,21,29,436
5N6Y_A,5N6Y_C,79,1211,149,1,66,10,473,112
1GL2_C,1GL2_D,70,1,0,8,0,0,60,55
1GL2_A,1GL2_B,91,0,0,8,0,0,54,60
1GL2_C,1GL2_B,88,1,0,11,0,0,60,60
1GL2_A,1GL2_D,75,0,0,9,0,0,54,55
1KF6_O,1KF6_N,70,78,515,4,5,53,130,243
1KF6_M,1KF6_N,161,1597,515,7,497,102,577,243
1KF6_C,1KF6_D,146,74,93,19,6,7,130,119
1KF6_D,1KF6_B,53,93,521,1,9,45,119,243
1M56_B,1M56_I,20,522,332,0,116,66,260,265
1M56_C,1M56_D,26,337,1,2,47,0,265,42
1R5I_A,1R5I_D,40,361,288,0,20,0,178,214
2HYI_C,2HYI_D,97,956,26,0,34,2,392,56
2HYI_H,2HYI_G,74,211,284,6,34,21,91,144
2HYI_A,2HYI_D,12,289,26,0,8,1,144,56
2HYI_I,2HYI_G,81,947,284,0,58,17,392,144
2NPS_A,2NPS_D,86,0,2,8,0,0,63,63
2NPS_C,2NPS_D,88,0,2,10,0,0,79,63
2P22_A,2P22_C,191,54,69,11,5,3,168,186
2P22_B,2P22_A,94,56,54,10,3,4,92,168
2P22_A,2P22_D,76,54,3,1,1,0,168,79
2P22_C,2P22_D,122,69,3,1,0,0,186,79
3HRD_D,3HRD_A,88,345,1110,12,114,409,160,420
3HRD_H,3HRD_F,69,347,860,8,114,256,157,330
3HRD_H,3HRD_G,93,347,713,9,118,255,157,292
3VR4_D,3VR4_G,33,1004,147,1,159,16,438,172
3VR4_G,3VR4_H,118,147,181,8,17,44,172,101
3VR4_C,3VR4_G,23,1353,147,0,222,15,563,172
4OR5_B,4OR5_E,86,413,6,0,8,0,256,38
4OR5_F,4OR5_G,64,690,415,0,105,43,324,255
4OR5_H,4OR5_J,23,38,6,0,0,0,48,38
4OR5_G,4OR5_H,134,415,38,0,4,0,255,48
4Q7J_E,4Q7J_G,37,533,1173,0,26,21,280,545
4Q7J_D,4Q7J_C,130,265,1160,0,11,24,177,547
4Q7J_F,4Q7J_E,122,925,533,6,208,137,364,280
4Q7J_B,4Q7J_C,112,927,1160,0,0,19,362,547
5J9T_B,5J9T_C,88,34,204,7,2,13,77,268
5J9T_C,5J9T_D,165,204,84,8,10,6,268,119
5J9T_F,5J9T_H,39,29,86,0,2,3,68,119
5J9T_E,5J9T_G,153,546,198,3,54,7,277,273
5JA4_D,5JA4_B,56,275,64,0,56,1,149,89
1NH2_A,1NH2_D,20,432,151,0,24,21,180,104
1NH2_A,1NH2_C,22,432,90,0,29,8,180,50
1NH2_D,1NH2_C,130,151,90,11,22,9,104,50
2AST_C,2AST_B,70,124,769,0,11,72,69,325
2CLY_D,2CLY_E,146,1,25,18,0,3,105,121
2CLY_A,2CLY_C,66,2,6,2,0,0,105,66
2CLY_C,2CLY_B,17,6,24,2,0,2,66,120
2FD6_U,2FD6_H,14,735,537,0,45,44,248,207
2FD6_U,2FD6_A,64,735,281,0,50,48,248,122
2J56_A,2J56_L,41,274,334,0,41,38,105,124
2J56_L,2J56_H,95,334,1083,1,39,133,124,375
2J56_A,2J56_H,15,274,1083,0,65,189,105,375
2PBD_A,2PBD_P,60,861,320,0,47,49,359,139
2PBD_P,2PBD_V,34,320,1,0,23,0,139,28
2PBD_A,2PBD_V,41,861,1,0,29,0,359,28
2QFA_C,2QFA_B,34,7,4,0,0,0,45,62
2QFA_A,2QFA_C,51,180,7,0,8,0,137,45
2QFA_A,2QFA_B,79,180,4,4,16,0,137,62
2YFV_C,2YFV_B,17,32,50,0,0,1,60,74
2YFV_A,2YFV_C,46,44,32,0,1,1,68,60
2YNM_B,2YNM_C,37,670,1014,0,97,122,268,417
2YNM_A,2YNM_D,37,665,1143,0,88,168,267,488
2ZXE_B,2ZXE_G,22,557,2,0,15,0,265,39
2ZXE_B,2ZXE_A,108,557,2340,0,20,116,265,992
2ZXE_A,2ZXE_G,50,2340,2,0,45,0,992,39
3A1J_B,3A1J_A,30,631,635,0,87,59,260,259
3A1J_C,3A1J_A,56,650,635,0,93,74,256,259
3A1J_C,3A1J_B,56,650,631,0,84,81,256,260
3BPO_B,3BPO_C,38,484,745,1,62,66,198,286
3EGW_C,3EGW_B,131,280,1140,5,43,125,224,509
3KFD_B,3KFD_F,31,237,280,2,9,17,112,106
3KFD_K,3KFD_G,27,141,285,0,13,22,66,109
3KFD_A,3KFD_J,29,238,158,0,17,21,112,70
3KFU_H,3KFU_J,129,1342,31,46,465,7,467,83
3KFU_H,3KFU_I,94,1342,941,16,458,266,467,444
3KFU_B,3KFU_I,23,874,941,0,237,272,376,444
3LK2_A,3LK2_T,35,527,0,0,18,0,270,33
3LK2_B,3LK2_T,83,484,0,1,32,0,242,33
3LK2_B,3LK2_A,214,484,527,6,53,65,242,270
3OR1_B,3OR1_C,31,844,178,1,128,34,385,104
3OR1_A,3OR1_C,55,913,178,0,156,37,435,104
3P5J_A,3P5J_B,53,512,269,0,58,32,262,171
3P5J_A,3P5J_C,82,512,186,9,63,18,262,116
3P5J_C,3P5J_B,181,186,269,20,18,31,116,171
3RGB_J,3RGB_I,243,358,854,4,20,32,218,382
3RGB_B,3RGB_C,179,353,263,3,24,12,218,213
3RGB_A,3RGB_C,50,861,263,1,40,18,382,213
3S8G_A,3S8G_B,192,1145,340,5,163,81,554,166
3S8G_B,3S8G_C,33,340,1,0,51,0,166,31
3S8G_A,3S8G_C,58,1145,1,3,81,0,554,31
3SJL_E,3SJL_B,53,339,736,0,31,68,124,343
3SJL_B,3SJL_F,19,736,1085,0,132,204,343,376
3SQG_B,3SQG_D,159,1071,1361,0,63,75,431,574
3SQG_C,3SQG_B,207,570,1071,6,44,86,278,431
3SQG_C,3SQG_A,209,570,1368,2,33,80,278,574
3V62_C,3V62_B,38,1,639,0,0,14,21,255
3VYT_A,3VYT_B,66,120,909,15,44,253,52,368
3VYT_C,3VYT_B,60,943,909,4,265,244,336,368
3VYT_C,3VYT_A,36,943,120,7,271,41,336,52
3VZA_C,3VZA_E,25,71,2,0,3,0,62,31
3VZA_A,3VZA_C,79,136,71,3,6,7,98,62
3VZA_A,3VZA_E,49,136,2,0,1,0,98,31
3WYF_E,3WYF_F,91,235,1667,0,27,133,142,1005
3WYF_A,3WYF_B,113,423,239,7,31,35,189,144
3WYF_A,3WYF_C,98,423,1711,0,20,145,189,1040
4A8X_C,4A8X_B,18,265,20,0,27,3,125,27
4A8X_A,4A8X_B,41,186,20,3,22,2,88,27
4A8X_A,4A8X_C,39,186,265,1,29,32,88,125
4DJD_B,4DJD_F,25,625,832,0,173,151,262,323
4DJD_B,4DJD_E,32,625,1024,0,159,202,262,441
4DL0_E,4DL0_I,47,215,217,0,9,33,223,121
4DL0_E,4DL0_G,169,215,1,14,8,0,223,105
4DL0_G,4DL0_C,29,1,218,0,0,34,105,121
4F0Z_C,4F0Z_B,28,5,197,0,0,0,30,155
4F0Z_C,4F0Z_A,65,5,872,0,0,0,30,357
4F0Z_A,4F0Z_B,116,872,197,1,89,22,357,155
4H9N_A,4H9N_C,171,55,189,5,1,14,98,205
4H9N_C,4H9N_B,92,189,65,1,17,1,205,83
4JGH_B,4JGH_C,72,197,147,1,19,22,104,96
4JGH_A,4JGH_C,63,298,147,0,28,7,163,96
4JGH_D,4JGH_C,46,512,147,0,48,21,368,96
4M6B_D,4M6B_F,67,343,0,0,9,0,187,23
4M6B_A,4M6B_C,68,336,0,0,18,0,185,23
4MQW_Z,4MQW_H,32,825,206,0,61,13,289,108
4MQW_X,4MQW_A,38,817,158,0,51,8,288,88
4MQW_E,4MQW_D,197,199,158,8,12,6,108,89
4NEE_K,4NEE_J,16,253,622,0,0,0,144,388
4NEE_C,4NEE_D,51,252,239,0,11,35,139,142
4NTW_C,4NTW_A,29,230,875,0,15,33,118,410
4NTW_B,4NTW_A,41,116,875,0,17,32,59,410
4NTW_B,4NTW_C,19,116,230,0,13,27,59,118
4OMF_G,4OMF_A,150,527,1017,3,96,219,231,385
4OMF_A,4OMF_B,35,1017,676,0,186,154,385,280
4OMF_G,4OMF_B,144,527,676,1,89,153,231,280
4V3K_D,4V3K_F,26,298,126,0,34,17,146,70
4V3K_B,4V3K_C,29,158,138,0,21,18,77,75
4V3K_D,4V3K_E,76,298,154,4,38,22,146,77
4WZA_H,4WZA_D,52,691,1159,0,100,151,271,522
4XB6_G,4XB6_H,131,589,679,4,98,109,353,277
4XB6_B,4XB6_D,101,465,681,19,112,107,192,277
4XB6_G,4XB6_E,215,589,227,28,94,54,353,149
4XPM_B,4XPM_A,48,138,6,1,17,0,67,39
4XPM_B,4XPM_C,32,138,313,0,15,21,67,143
4XPM_A,4XPM_C,71,6,313,1,0,26,39,143
4Y99_C,4Y99_A,126,17,182,0,0,9,126,155
4Z2M_I,4Z2M_B,27,59,554,0,2,56,76,271
4Z2M_B,4Z2M_H,28,554,47,0,55,1,271,71
5F0J_C,5F0J_A,47,230,714,0,20,49,155,458
5F0J_C,5F0J_B,65,230,742,0,23,41,155,298
5F0J_A,5F0J_B,40,714,742,0,44,47,458,298
5FUG_D,5FUG_F,65,91,6,3,4,0,84,59
5FUG_K,5FUG_L,42,68,5,2,4,0,89,57
5LDD_C,5LDD_A,74,381,189,0,28,23,168,155
5LDD_C,5LDD_B,22,381,278,0,25,29,168,166
5LDD_A,5LDD_B,64,189,278,2,20,29,155,166
5MSM_B,5MSM_A,172,232,652,9,18,74,132,371
5MSM_F,5MSM_D,55,1,644,6,0,65,26,370
5MSM_C,5MSM_B,61,1,232,5,0,9,27,132
5T59_B,5T59_A,112,51,100,9,5,5,90,114
5T59_E,5T59_F,10,55,27,2,5,2,90,35
5T59_A,5T59_C,47,100,26,7,5,2,114,32
5T5W_A,5T5W_C,48,517,214,0,30,7,198,151
5T5W_B,5T5W_C,38,472,214,0,19,9,188,151
5VK3_A,5VK3_B,329,1318,1546,0,154,143,468,794
1A0R_B,1A0R_P,152,1025,315,0,209,43,339,188
1A0R_B,1A0R_G,189,1025,13,2,73,1,339,65
1EEX_L,1EEX_E,96,1471,478,5,170,68,551,178
1EEX_L,1EEX_M,178,1471,190,7,168,23,551,137
1GOT_B,1GOT_A,88,1042,541,0,169,37,339,326
1IKN_D,1IKN_A,46,434,693,0,34,70,215,282
1JSU_A,1JSU_B,94,595,467,0,87,71,285,258
1JSU_A,1JSU_C,104,595,32,1,39,2,285,69
1KQF_A,1KQF_B,177,2965,629,0,679,106,982,289
1KQF_C,1KQF_B,98,263,629,0,48,105,216,289
1L1O_C,1L1O_B,62,360,287,7,79,65,173,123
1L1O_D,1L1O_E,81,252,285,7,51,73,115,123
1LQB_C,1LQB_B,63,300,141,0,20,8,150,88
1W85_C,1W85_D,122,823,884,15,244,311,365,324
1W85_I,1W85_B,18,59,881,3,18,319,42,324
1WA5_A,1WA5_C,109,422,1533,1,22,160,170,950
1YAR_C,1YAR_S,20,508,291,0,26,9,221,218
2A40_D,2A40_F,47,840,1,0,43,0,361,22
2A40_A,2A40_B,73,844,676,0,92,102,361,260
2AZE_C,2AZE_B,44,15,88,1,2,3,44,101
2BS2_C,2BS2_B,86,302,493,1,33,96,254,239
2D1K_A,2D1K_C,85,840,3,0,28,0,370,29
2IVF_A,2IVF_B,279,2688,849,0,513,115,912,337
2IVF_C,2IVF_B,63,617,849,0,104,99,214,337
2IZO_C,2IZO_A,53,647,548,0,138,66,244,268
2IZV_A,2IZV_C,62,309,137,0,25,9,163,85
2P58_A,2P58_C,54,26,134,2,0,6,50,110
2P58_B,2P58_C,65,14,134,1,1,3,36,110
2PU9_C,2PU9_A,58,227,193,1,46,19,111,110
2PU9_B,2PU9_A,54,159,193,1,21,14,74,110
2QTV_B,2QTV_D,33,370,7,0,16,0,164,36
2QTV_B,2QTV_A,86,370,1875,2,39,161,164,733
2VE7_D,2VE7_B,258,252,307,7,20,20,242,303
2VPG_A,2VPG_B,54,105,7,0,7,0,61,30
2VPZ_A,2VPZ_B,119,1921,443,1,504,100,734,193
2VPZ_F,2VPZ_G,125,446,415,1,106,51,193,250
2WZP_H,2WZP_P,67,620,684,0,26,11,266,298
2WZP_Q,2WZP_R,45,688,966,0,10,18,298,375
3BOW_C,3BOW_B,29,9,241,0,0,7,65,174
3CI0_I,3CI0_J,37,162,332,9,39,71,81,146
3CI0_K,3CI0_J,102,575,332,4,140,71,280,146
3DCG_E,3DCG_D,46,1,135,0,0,8,17,86
3NMU_F,3NMU_A,110,579,614,1,132,96,227,366
3NMU_C,3NMU_B,31,268,601,1,36,107,121,366
3OVU_C,3OVU_B,45,185,346,0,5,16,139,144
3OVU_C,3OVU_A,55,185,74,0,4,0,139,88
3R45_A,3R45_C,77,58,40,2,1,4,82,61
3RFZ_F,3RFZ_E,64,497,2177,0,121,447,201,778
3RFZ_D,3RFZ_E,184,769,2177,0,107,397,279,778
3T5V_B,3T5V_C,96,724,1,0,60,0,450,56
3TIX_B,3TIX_A,146,847,216,0,16,19,421,153
3TJZ_C,3TJZ_B,95,290,427,3,38,27,140,264
3TJZ_A,3TJZ_B,46,385,427,0,44,28,159,264
3TU5_A,3TU5_B,85,851,266,0,39,40,370,132
3U52_A,3U52_E,130,921,212,10,89,32,494,118
3V5W_A,3V5W_B,54,1241,1020,0,169,181,623,339
3W1S_A,3W1S_C,45,518,152,2,46,21,261,76
3W1S_A,3W1S_B,58,518,0,1,6,0,261,25
3WYG_D,3WYG_C,53,0,1643,0,0,20,20,1003
3ZKJ_E,3ZKJ_D,53,129,538,0,17,77,81,259
4B0M_M,4B0M_B,149,521,341,0,12,10,212,135
4BV4_R,4BV4_M,44,1197,127,0,100,6,440,68
4GIZ_C,4GIZ_B,30,266,925,0,13,34,142,382
4GIZ_D,4GIZ_B,51,262,925,0,14,26,142,382
4GQB_B,4GQB_A,133,984,1464,0,205,213,303,625
4H62_Q,4H62_K,22,475,0,0,15,0,266,18
4H62_V,4H62_Q,33,2,475,0,0,13,22,266
4HI0_A,4HI0_E,54,400,473,4,100,82,227,196
4HI0_A,4HI0_B,99,400,731,11,99,182,227,255
4HKJ_P,4HKJ_N,31,463,249,0,19,12,183,100
4I6J_A,4I6J_B,150,1036,894,0,150,102,503,394
4II2_B,4II2_A,103,158,2374,0,11,321,80,977
4KP3_B,4KP3_F,42,628,1,0,0,0,355,14
4KP3_A,4KP3_C,53,636,45,0,23,1,361,81
4OWT_A,4OWT_C,98,726,44,1,24,3,450,39
4OWT_B,4OWT_A,38,181,726,0,16,44,72,450
4PKG_A,4PKG_G,166,873,282,0,38,42,370,168
4PSW_C,4PSW_A,50,7,620,0,0,104,38,316
4PSW_C,4PSW_B,59,7,1103,0,0,175,38,365
4U4C_B,4U4C_A,120,13,1977,0,0,26,56,924
4U4C_A,4U4C_B,120,1977,13,0,26,0,924,56
4UEL_B,4UEL_A,64,149,526,0,13,56,75,302
4UEL_A,4UEL_C,113,526,100,2,51,5,302,98
4W4L_B,4W4L_A,141,180,70,3,16,8,174,84
4W4L_B,4W4L_C,91,180,678,0,12,48,174,297
5AWW_Y,5AWW_G,116,728,34,26,130,9,424,75
5AWW_Y,5AWW_E,109,728,1,45,139,0,424,60
5EXE_B,5EXE_C,169,741,820,5,110,205,309,314
5EXE_B,5EXE_A,88,741,1048,0,108,283,309,394
5FQ8_B,5FQ8_G,53,2978,532,0,279,70,945,212
5FQ8_D,5FQ8_E,94,2987,371,0,129,49,941,145
5FQD_F,5FQD_E,38,613,869,0,97,155,294,367
5FQD_B,5FQD_A,139,906,2358,0,104,314,381,789
5H6Q_B,5H6Q_A,138,82,1425,0,8,123,131,661
5IJ7_F,5IJ7_B,196,1094,857,0,186,139,360,469
5L9W_A,5L9W_C,209,2029,249,7,181,42,683,127
5LQF_A,5LQF_C,40,606,129,0,70,12,287,74
5LQF_D,5LQF_E,65,598,472,0,86,63,285,264
5T70_G,5T70_A,53,821,603,0,68,59,288,275
5V3N_B,5V3N_A,84,1,185,0,0,13,33,109
5X3X_m,5X3X_q,230,385,305,11,81,32,205,242
1AN1_I,1AN1_E,56,76,646,0,12,146,40,219
1AWC_A,1AWC_B,30,181,348,0,15,31,110,153
1BH9_A,1BH9_B,109,25,67,24,4,6,45,89
1BML_B,1BML_D,97,765,685,0,59,0,250,318
1BOU_B,1BOU_A,166,786,168,1,130,26,298,132
1BVN_P,1BVN_T,75,1366,188,0,70,28,496,71
1C9B_N,1C9B_M,32,425,393,0,59,59,180,207
1CCW_C,1CCW_D,77,311,1267,2,76,176,137,483
1CI6_A,1CI6_B,55,0,0,2,0,0,56,47
1D2Z_A,1D2Z_B,53,153,263,0,16,30,102,150
1DCE_B,1DCE_A,135,810,1076,2,162,121,329,566
1DHK_A,1DHK_B,105,1346,572,0,181,77,495,195
1DML_F,1DML_E,106,16,712,2,1,18,36,275
1DOW_B,1DOW_A,77,1,251,2,0,5,31,200
1DP5_A,1DP5_B,103,976,0,1,22,0,326,31
1DS6_A,1DS6_B,76,405,369,0,25,51,181,179
1DX5_N,1DX5_J,42,690,248,0,138,27,231,118
1EAI_B,1EAI_D,66,634,99,0,128,13,229,61
1EGJ_L,1EGJ_A,11,560,231,0,60,41,211,101
1EM8_D,1EM8_C,37,203,331,1,14,54,112,147
1ES7_A,1ES7_B,56,211,188,0,18,20,104,83
1EXB_A,1EXB_E,16,791,154,0,122,6,326,91
1F3U_E,1F3U_F,150,195,224,8,9,9,118,154
1FI8_B,1FI8_E,54,642,68,0,55,3,220,76
1FLE_E,1FLE_I,63,694,88,0,140,12,229,47
1FM0_E,1FM0_D,68,302,163,20,88,46,142,81
1FOE_B,1FOE_A,90,409,563,0,35,40,177,362
1FQ1_B,1FQ1_A,46,604,370,0,134,82,295,183
1FS0_G,1FS0_E,153,401,230,25,128,60,219,128
1FXK_A,1FXK_C,41,82,125,1,19,22,103,133
1FYH_A,1FYH_B,55,344,525,1,6,37,242,201
1G1X_C,1G1X_A,37,50,190,14,11,68,46,98
1G4U_R,1G4U_S,58,389,736,0,39,71,180,360
1G73_C,1G73_B,25,173,165,0,18,1,89,157
1G8K_B,1G8K_A,125,359,2360,8,90,458,133,822
1GHQ_B,1GHQ_A,24,321,669,0,49,88,129,307
1GL4_B,1GL4_A,65,240,738,0,23,71,89,273
1GNG_A,1GNG_X,55,752,5,0,25,0,348,25
1GO3_E,1GO3_F,124,418,138,14,82,34,177,107
1GO4_B,1GO4_F,101,396,6,3,27,0,195,87
1GVN_D,1GVN_C,84,510,85,0,15,1,270,85
1GZS_A,1GZS_B,116,397,247,0,1,0,178,165
1H2S_B,1H2S_A,56,38,361,0,0,0,60,225
1H2T_Z,1H2T_C,83,302,1250,3,36,103,146,704
1H3O_B,1H3O_A,105,53,23,6,5,3,71,48
1H59_A,1H59_B,27,92,100,1,4,7,54,45
1H9D_C,1H9D_D,98,331,281,0,16,13,125,129
1H9H_E,1H9H_I,70,674,63,0,32,3,220,30
1HE1_C,1HE1_A,73,398,215,0,11,0,176,135
1HFE_S,1HFE_L,228,34,1059,64,2,241,88,396
1I1R_A,1I1R_B,30,815,251,0,72,9,301,167
1I2M_A,1I2M_B,76,374,1326,0,26,274,165,388
1I4D_D,1I4D_A,45,400,185,0,25,2,177,188
1I4E_B,1I4E_A,57,591,691,0,14,27,243,293
1I7Q_D,1I7Q_C,104,517,1434,11,160,397,192,517
1I7W_D,1I7W_C,121,23,1042,0,0,49,57,509
1IAR_A,1IAR_B,34,186,503,0,4,47,129,188
1IB1_C,1IB1_G,78,341,384,0,14,64,227,178
1IK9_C,1IK9_A,27,20,258,2,5,12,28,207
1IS8_H,1IS8_S,17,376,171,0,15,16,192,84
1J2J_A,1J2J_B,29,377,25,0,20,0,165,41
1JIW_I,1JIW_P,70,252,1358,0,34,165,105,470
1JMU_I,1JMU_F,110,851,1303,0,10,18,365,608
1JNR_A,1JNR_B,262,1793,235,2,327,34,642,149
1JQL_A,1JQL_B,57,969,287,1,319,65,366,140
1JR3_E,1JR3_B,102,590,690,0,195,190,334,365
1KA9_H,1KA9_F,92,517,638,12,156,187,195,251
1KKM_I,1KKM_A,31,199,385,1,59,78,86,176
1KMI_Y,1KMI_Z,54,260,98,1,51,11,128,177
1KXP_A,1KXP_D,92,833,650,0,29,16,349,438
1L0O_C,1L0O_B,44,57,312,0,8,67,57,141
1LDJ_A,1LDJ_B,176,1165,143,4,131,14,725,88
1LQV_C,1LQV_A,16,10,336,0,0,2,24,172
1LRW_A,1LRW_B,125,2030,57,1,139,3,600,83
1LTS_C,1LTS_E,28,1,189,0,0,9,41,103
1M1E_A,1M1E_B,85,1032,28,0,49,1,512,65
1MNM_C,1MNM_B,44,76,76,0,10,4,77,81
1MQS_A,1MQS_B,64,1123,0,0,2,0,578,26
1N2D_C,1N2D_A,81,0,175,0,0,17,48,147
1N6J_A,1N6J_G,152,877,230,0,35,18,186,52
1NBW_B,1NBW_A,37,312,1643,0,42,144,113,606
1NF3_B,1NF3_D,74,461,242,1,20,17,194,123
1NPE_B,1NPE_A,58,389,814,0,54,123,164,263
1NU7_F,1NU7_H,62,684,376,0,34,0,230,282
1O6O_C,1O6O_E,21,792,0,0,55,0,439,6
1OC0_B,1OC0_A,33,60,955,0,11,75,37,364
1OF5_A,1OF5_B,111,337,251,5,37,26,154,128
1OFH_A,1OFH_G,27,594,449,1,67,93,309,173
1OQE_I,1OQE_Q,34,413,30,2,11,2,144,31
1OR7_F,1OR7_B,174,43,175,21,8,29,64,164
1ORY_B,1ORY_A,133,4,119,35,0,50,40,119
1OTC_A,1OTC_B,160,1138,366,0,23,4,459,213
1OW3_B,1OW3_A,72,420,317,0,41,54,179,196
1P3Q_V,1P3Q_R,29,153,7,0,13,0,73,34
1PBY_C,1PBY_A,169,109,1249,6,6,102,78,489
1PG5_A,1PG5_B,49,699,337,3,152,68,292,148
1PXV_B,1PXV_D,83,422,244,0,20,8,183,111
1QGK_B,1QGK_A,80,10,1587,0,0,166,44,876
1QS0_A,1QS0_B,118,914,839,17,214,266,395,328
1QZ7_A,1QZ7_B,34,1045,1,0,20,0,524,17
1R0R_I,1R0R_E,80,100,907,1,16,233,51,274
1R4A_A,1R4A_E,29,356,38,0,14,2,165,51
1R6O_B,1R6O_D,66,255,155,5,85,41,141,94
1R8S_A,1R8S_E,93,329,290,1,33,52,160,187
1RP3_F,1RP3_E,101,19,305,19,1,69,64,235
1S64_F,1S64_E,183,807,413,6,159,54,346,314
1S6V_B,1S6V_C,18,199,669,0,51,122,108,294
1S70_A,1S70_B,145,774,490,0,74,100,309,291
1SBW_A,1SBW_I,57,653,14,1,39,4,220,14
1SKR_B,1SKR_A,78,215,1373,0,67,225,105,669
1SQ2_L,1SQ2_N,51,277,289,0,49,18,129,112
1T0F_A,1T0F_C,66,514,41,4,83,8,264,49
1T0P_A,1T0P_B,39,419,221,0,46,21,174,86
1T6G_D,1T6G_B,68,550,1108,0,86,75,182,368
1TAF_A,1TAF_B,116,49,63,12,4,7,68,70
1TBR_S,1TBR_K,98,180,671,0,40,140,103,231
1TH8_B,1TH8_A,64,247,296,3,73,67,115,132
1TII_C,1TII_E,17,2,199,0,0,8,36,98
1TMQ_A,1TMQ_B,98,1293,247,0,39,19,470,117
1TTW_A,1TTW_B,50,217,2,0,7,0,118,20
1U2G_B,1U2G_C,55,917,425,1,265,109,359,174
1UB4_A,1UB4_C,82,223,50,6,71,6,103,75
1UNL_A,1UNL_D,99,630,234,0,28,8,292,149
1UW4_D,1UW4_C,58,336,179,7,44,25,248,91
1VG9_B,1VG9_A,55,387,1295,1,42,146,169,501
1WDD_E,1WDD_W,101,1214,199,2,102,18,463,121
1WRD_B,1WRD_A,32,161,95,0,16,11,76,98
1WTH_A,1WTH_D,68,874,924,0,28,35,571,361
1WUI_L,1WUI_S,286,1411,678,18,295,144,532,267
1WVE_A,1WVE_C,69,1329,116,0,277,14,515,75
1WWW_V,1WWW_Y,42,227,260,0,4,27,108,101
1WYW_A,1WYW_B,67,437,151,0,48,26,216,79
1X3Z_B,1X3Z_A,58,43,558,0,3,84,57,320
1XDT_R,1XDT_T,77,80,1263,0,11,0,41,518
1XKP_C,1XKP_A,96,204,253,0,6,1,121,217
1XOU_A,1XOU_B,128,3,22,7,0,0,68,84
1XRS_B,1XRS_A,54,483,1229,1,75,152,212,516
1XU2_A,1XU2_R,38,390,45,0,19,2,137,36
1Y56_B,1Y56_A,106,1029,1351,0,319,266,374,484
1Y8X_A,1Y8X_B,64,301,168,2,37,23,157,90
1Y96_A,1Y96_B,91,174,125,3,12,11,86,85
1YA5_B,1YA5_T,159,509,151,1,24,8,197,89
1YC0_A,1YC0_I,75,758,119,0,141,20,247,66
1YFN_E,1YFN_A,57,4,228,0,0,14,18,109
1YHN_A,1YHN_B,26,436,12,0,16,0,183,65
1YKH_A,1YKH_B,106,45,49,9,3,1,95,114
1Z0J_A,1Z0J_B,34,402,35,0,27,0,169,51
1Z2C_A,1Z2C_B,57,401,412,0,30,24,179,346
1ZAV_A,1ZAV_V,47,240,6,10,51,0,178,30
1ZBD_A,1ZBD_B,41,373,165,0,11,12,171,119
1ZLH_A,1ZLH_B,60,811,160,0,24,7,301,74
1ZOQ_C,1ZOQ_A,66,13,450,0,0,37,47,191
1ZQ1_A,1ZQ1_C,144,1025,1220,2,232,218,423,508
1ZR0_B,1ZR0_A,59,111,661,0,26,143,59,220
1ZUN_B,1ZUN_A,145,979,313,15,224,53,382,196
2A1J_A,2A1J_B,62,66,69,3,18,10,62,79
2A5Y_A,2A5Y_B,105,248,942,0,14,50,173,501
2A6Q_C,2A6Q_F,90,78,142,12,11,49,86,84
2AQ2_B,2AQ2_A,37,592,313,0,17,41,234,110
2ARP_A,2ARP_F,79,192,281,0,20,41,105,148
2AS5_F,2AS5_N,13,116,728,0,4,61,83,287
2AVU_B,2AVU_E,80,86,247,0,3,28,104,156
2AW2_B,2AW2_A,66,224,250,0,33,20,100,110
2B1X_A,2B1X_B,123,1109,318,1,180,82,441,167
2B4J_A,2B4J_D,23,279,99,0,45,5,135,82
2B5L_A,2B5L_C,105,3480,403,0,2,0,1132,174
2B9S_A,2B9S_B,94,717,53,4,92,6,426,52
2BEC_B,2BEC_A,91,2,247,3,0,15,25,181
2BH1_X,2BH1_A,48,108,560,7,31,81,68,238
2BKR_B,2BKR_A,98,165,439,7,15,60,77,211
2BO9_A,2BO9_B,60,828,524,0,51,28,306,217
2BRQ_A,2BRQ_C,58,251,0,0,16,0,94,13
2C0L_B,2C0L_A,62,269,577,0,41,139,122,292
2C1M_A,2C1M_B,118,834,4,2,61,0,424,46
2C4F_L,2C4F_U,36,190,232,1,32,16,129,116
2C7M_B,2C7M_A,41,156,49,0,16,5,73,58
2CG5_B,2CG5_A,44,103,585,1,16,132,71,266
2CZV_A,2CZV_C,43,484,238,5,58,44,208,118
2D7C_A,2D7C_C,32,393,5,0,5,0,166,40
2DOQ_D,2DOQ_B,71,5,157,0,0,5,81,144
2DZO_D,2DZO_C,72,92,500,0,18,112,67,227
2E31_A,2E31_B,95,610,180,1,79,18,246,133
2EHB_D,2EHB_A,100,219,266,0,14,28,126,182
2EQ7_C,2EQ7_B,38,65,1229,0,20,441,37,452
2EQB_A,2EQB_B,40,355,0,0,18,0,171,93
2ES4_B,2ES4_E,203,883,271,8,143,47,314,277
2EX3_A,2EX3_B,116,1319,209,0,23,2,570,196
2F2C_B,2F2C_A,144,542,414,0,81,46,280,244
2F3C_I,2F3C_E,69,85,708,0,16,160,46,221
2F4M_B,2F4M_A,54,51,577,0,6,91,61,295
2F91_A,2F91_B,76,690,57,0,103,8,225,33
2F9I_B,2F9I_A,188,620,698,34,214,190,260,309
2FDB_M,2FDB_P,114,388,496,0,53,39,149,197
2FH5_A,2FH5_B,55,216,420,4,25,63,123,188
2FHZ_A,2FHZ_B,89,229,184,1,17,11,106,93
2FM8_A,2FM8_C,104,244,315,0,3,3,134,220
2FMM_C,2FMM_E,59,100,101,0,7,6,67,118
2FU5_D,2FU5_A,72,298,278,0,16,44,157,107
2G48_D,2G48_B,66,1,2350,0,0,46,17,966
2G77_B,2G77_A,72,363,519,0,26,51,169,331
2GAF_A,2GAF_D,102,550,949,0,9,21,276,447
2GH0_C,2GH0_A,45,194,389,0,12,19,100,200
2GWW_A,2GWW_B,81,333,0,0,0,0,259,22
2H32_B,2H32_A,98,247,226,5,23,30,117,111
2H9E_H,2H9E_C,70,688,84,0,105,7,227,52
2HQS_C,2HQS_B,84,230,1224,10,57,391,107,410
2HSN_B,2HSN_A,58,152,201,1,12,7,120,160
2HTM_G,2HTM_C,78,119,601,12,34,143,61,241
2HVY_D,2HVY_C,29,273,65,1,38,11,121,53
2HZM_A,2HZM_B,141,458,510,2,22,31,205,227
2I2X_J,2I2X_I,87,507,1216,0,46,96,258,459
2I3T_C,2I3T_D,97,1006,31,2,62,4,334,43
2IDO_C,2IDO_D,58,362,76,1,17,7,175,76
2IJ0_B,2IJ0_C,46,484,307,0,22,25,194,116
2J12_B,2J12_A,60,312,489,0,4,0,120,182
2J7A_B,2J7A_C,94,1038,117,0,136,12,498,145
2JF1_A,2JF1_T,52,231,0,4,18,0,87,11
2NQ2_C,2NQ2_A,76,565,551,5,194,176,251,308
2NQD_B,2NQD_A,87,594,254,1,96,43,220,109
2NS1_B,2NS1_A,22,224,1002,0,54,299,113,404
2NUD_A,2NUD_C,98,589,1,0,31,0,291,23
2NV2_L,2NV2_K,114,510,670,3,109,91,192,270
2NYZ_E,2NYZ_B,47,94,1032,0,0,0,66,371
2O8G_A,2O8G_I,105,758,3,0,46,0,295,59
2O8V_B,2O8V_A,66,223,415,3,75,100,108,229
2O98_A,2O98_P,56,340,29,0,7,0,234,52
2OCF_D,2OCF_A,52,215,335,0,28,11,93,231
2ODY_E,2ODY_B,76,249,679,0,57,133,127,227
2OM2_A,2OM2_B,115,593,4,0,18,0,320,36
2OMY_B,2OMY_A,83,249,1364,0,34,151,104,460
2OT3_B,2OT3_A,83,342,388,0,42,26,157,253
2OXG_Z,2OXG_Y,104,274,292,15,84,79,108,112
2OZ4_A,2OZ4_H,41,723,545,0,55,51,265,208
2OZB_D,2OZB_E,32,248,380,1,37,62,125,240
2P1L_E,2P1L_F,71,156,0,1,3,0,141,24
2P8Q_A,2P8Q_B,74,1544,5,0,58,0,873,39
2PBI_D,2PBI_C,274,1018,563,0,136,35,354,415
2PK9_A,2PK9_B,86,599,363,0,73,30,287,214
2PMS_A,2PMS_C,42,858,75,0,23,0,331,109
2PNR_G,2PNR_E,30,188,693,0,57,99,79,374
2PQN_B,2PQN_A,40,1,177,3,0,0,20,126
2PSM_C,2PSM_B,34,147,166,0,17,12,69,117
2PT7_D,2PT7_H,40,672,232,0,139,30,323,145
2PW8_H,2PW8_I,65,686,114,1,10,9,228,61
2Q0O_A,2Q0O_C,84,410,73,3,29,5,235,86
2Q1Z_A,2Q1Z_B,912,2188,2729,20,93,266,352,370
2Q86_D,2Q86_C,115,623,471,4,69,40,233,190
2QCS_B,2QCS_A,105,606,736,0,142,163,291,335
2QIY_C,2QIY_A,65,4,283,2,0,9,25,134
2QKH_A,2QKH_B,30,164,6,1,14,0,94,32
2QKL_B,2QKL_A,57,119,249,4,13,36,90,121
2QLV_F,2QLV_E,92,636,274,0,65,37,310,140
2QSF_X,2QSF_A,108,105,941,1,18,100,104,486
2QWO_A,2QWO_B,31,981,116,0,226,14,387,92
2R17_C,2R17_A,86,471,478,2,49,59,294,179
2R6A_B,2R6A_C,40,726,143,2,201,38,374,135
2UZX_B,2UZX_A,69,1561,785,0,140,99,546,287
2V3B_B,2V3B_A,34,98,1013,0,27,300,53,381
2V51_D,2V51_E,47,865,8,0,32,0,352,28
2V6X_A,2V6X_B,65,87,2,2,11,0,80,39
2VSM_A,2VSM_B,82,1275,321,0,0,0,413,137
2VSO_A,2VSO_E,77,825,361,0,69,42,366,239
2W19_B,2W19_D,59,956,47,0,174,0,416,75
2WAX_A,2WAX_B,47,329,3,0,16,0,161,30
2WBL_C,2WBL_A,111,378,484,0,19,7,167,329
2WG3_A,2WG3_C,58,347,1151,1,50,198,155,406
2WIU_D,2WIU_C,51,70,886,0,10,206,71,401
2WJV_E,2WJV_B,104,44,1861,1,5,136,60,768
2WM9_B,2WM9_A,149,391,711,0,21,57,179,407
2WP0_D,2WP0_B,32,145,278,0,5,1,87,180
2WT7_A,2WT7_B,56,0,15,1,0,1,63,90
2WWX_A,2WWX_B,119,344,314,0,17,0,169,200
2X19_A,2X19_B,80,415,1415,0,25,129,172,884
2X9A_A,2X9A_B,67,139,170,0,16,0,61,90
2XKO_B,2XKO_C,38,432,142,0,19,9,212,85
2XPI_B,2XPI_A,75,1,963,2,0,76,23,520
2XPP_A,2XPP_B,46,201,3,0,3,0,137,24
2XTS_B,2XTS_A,270,278,1017,3,38,259,203,389
2XZE_A,2XZE_Q,38,165,0,0,1,0,141,23
2Y0M_A,2Y0M_B,45,558,2,2,34,0,270,42
2Y0N_A,2Y0N_E,56,217,7,0,7,0,165,39
2Y3N_C,2Y3N_D,70,473,55,1,31,7,171,49
2Y9M_A,2Y9M_B,59,308,232,0,21,9,166,117
2YIN_D,2YIN_B,113,390,647,0,21,71,181,410
2Z0D_B,2Z0D_A,86,204,734,0,14,105,116,309
2Z5K_B,2Z5K_A,38,1,1491,0,0,3,12,840
2Z7F_E,2Z7F_I,59,625,97,0,128,17,210,50
2ZAE_A,2ZAE_B,70,231,171,9,49,48,105,98
2ZET_A,2ZET_C,78,389,155,0,23,9,176,141
2ZFD_B,2ZFD_A,105,198,264,1,7,14,116,183
2ZME_D,2ZME_B,47,130,302,1,27,40,97,215
2ZON_A,2ZON_G,52,977,123,1,176,23,334,81
2ZXX_E,2ZXX_F,49,16,258,2,0,12,77,178
3A1P_B,3A1P_A,125,140,352,13,26,121,85,161
3A2F_A,3A2F_B,54,1652,597,0,236,85,763,239
3A4U_A,3A4U_B,34,730,64,0,131,8,228,65
3A5Z_C,3A5Z_D,57,722,447,1,203,156,324,175
3ABD_X,3ABD_A,74,1,378,3,0,15,21,180
3ABQ_D,3ABQ_C,172,527,1278,12,136,281,248,453
3AJB_B,3AJB_A,46,0,465,0,0,15,26,293
3AU4_B,3AU4_A,51,5,957,0,0,31,32,524
3AWU_A,3AWU_B,81,607,173,0,47,22,278,78
3AYH_A,3AYH_B,120,114,408,8,20,76,134,183
3B08_G,3B08_H,52,318,71,0,25,10,150,59
3B0D_C,3B0D_B,172,55,65,7,5,6,75,95
3BES_L,3BES_R,40,74,557,0,2,46,133,250
3BG1_A,3BG1_B,155,857,622,0,127,56,285,423
3BH7_A,3BH7_B,69,365,858,1,52,114,161,314
3BK3_A,3BK3_C,48,216,102,0,23,5,104,67
3BRV_C,3BRV_B,45,2,0,2,0,0,42,61
3BTP_A,3BTP_B,64,778,3,1,5,0,386,28
3BY4_B,3BY4_A,70,156,360,0,15,52,75,172
3C0T_A,3C0T_B,45,463,14,0,2,1,201,23
3CF4_G,3CF4_A,131,402,2073,0,47,217,169,766
3CH5_A,3CH5_B,45,441,52,0,17,6,193,37
3CPT_B,3CPT_A,97,230,248,6,30,19,116,119
3CQC_B,3CQC_A,65,240,329,4,24,38,186,247
3CR3_B,3CR3_D,27,355,263,1,82,67,185,117
3CX8_A,3CX8_B,86,619,269,0,22,15,319,193
3D31_A,3D31_C,57,842,375,0,212,94,348,248
3D6N_B,3D6N_A,55,703,1270,1,194,466,291,422
3DAW_A,3DAW_B,64,864,304,0,44,48,372,140
3DBO_B,3DBO_A,107,245,3,3,16,0,126,34
3DDC_A,3DDC_B,43,401,261,0,12,12,166,133
3DGP_A,3DGP_B,75,80,84,10,14,15,62,63
3DOE_A,3DOE_B,60,381,89,1,27,5,189,114
3DWG_A,3DWG_C,100,857,185,0,243,47,325,92
3E0J_A,3E0J_B,228,1087,234,6,151,36,416,143
3E5A_A,3E5A_B,71,553,1,1,28,0,264,33
3EAB_A,3EAB_G,63,109,19,5,6,0,89,40
3EGG_A,3EGG_C,126,757,272,1,86,41,294,160
3EUH_A,3EUH_C,152,355,335,2,6,12,315,206
3F1S_B,3F1S_A,65,714,946,0,121,172,259,385
3F3F_B,3F3F_D,217,882,788,1,115,57,305,495
3F62_B,3F62_A,53,388,250,0,24,10,145,108
3F8U_C,3F8U_D,77,969,993,0,89,62,462,361
3FBI_B,3FBI_A,70,92,23,5,5,0,91,57
3FIE_C,3FIE_A,114,3,960,0,0,0,33,407
3FJU_A,3FJU_B,30,814,132,0,43,34,307,65
3FWB_B,3FWB_A,71,0,182,0,0,12,54,153
3G5O_D,3G5O_C,95,87,163,5,14,43,92,87
3G9V_C,3G9V_D,48,481,231,1,53,12,176,130
3G9W_D,3G9W_A,78,1,400,0,0,21,40,217
3GCG_A,3GCG_B,98,380,194,8,1,11,173,152
3GQI_B,3GQI_A,43,504,586,0,49,87,226,304
3GZ2_P,3GZ2_B,20,0,206,0,0,0,7,143
3H4S_A,3H4S_E,121,786,114,0,81,23,359,96
3H7H_B,3H7H_A,101,168,271,11,28,37,95,118
3HI2_B,3HI2_A,61,190,118,2,38,36,97,70
3HMX_B,3HMX_A,54,271,721,0,4,34,176,295
3HRZ_D,3HRZ_C,76,1821,821,0,182,72,693,362
3HTK_B,3HTK_C,103,0,361,0,0,18,73,254
3HUG_I,3HUG_J,98,80,43,0,28,12,77,64
3HZH_A,3HZH_B,48,280,323,0,92,54,133,149
3IAB_A,3IAB_B,61,288,194,1,11,13,145,106
3IAX_B,3IAX_A,52,12,1181,0,1,32,12,399
3IEC_B,3IEC_F,54,640,0,0,0,0,313,14
3IHP_C,3IHP_A,131,146,1447,0,11,233,75,673
3IHQ_B,3IHQ_A,46,101,198,0,18,60,67,115
3IM4_A,3IM4_C,39,16,0,0,1,0,50,27
3IMA_A,3IMA_B,89,580,184,1,106,46,211,84
3ISM_A,3ISM_C,45,606,419,0,62,22,245,286
3JQO_l,3JQO_k,90,255,398,8,56,68,127,191
3K1I_B,3K1I_C,58,121,144,0,6,8,104,119
3K51_B,3K51_A,26,351,379,0,47,29,161,143
3K6G_E,3K6G_B,67,14,90,1,2,2,34,91
3K7V_C,3K7V_A,52,787,1112,0,94,150,288,581
3K8P_D,3K8P_C,46,827,375,0,47,21,580,289
3KBU_D,3KBU_A,61,378,299,0,11,17,156,285
3KF6_A,3KF6_B,65,298,228,3,29,26,136,105
3KMU_B,3KMU_A,45,169,486,0,20,51,122,253
3KND_A,3KND_B,71,838,0,0,24,0,428,16
3KP1_A,3KP1_E,198,1723,114,11,145,26,726,109
3KSE_D,3KSE_A,79,210,601,0,49,125,98,219
3KXE_C,3KXE_A,77,20,148,9,0,47,75,91
3KYI_B,3KYI_A,38,211,181,1,58,56,104,127
3KYS_B,3KYS_A,97,14,522,0,1,23,50,207
3L2O_B,3L2O_A,91,504,195,0,32,23,274,145
3L82_A,3L82_B,43,220,351,0,4,15,195,179
3LCB_C,3LCB_B,81,1002,1071,0,145,130,415,561
3LPE_A,3LPE_B,73,164,141,13,35,33,84,59
3LQC_A,3LQC_B,53,394,407,0,18,60,151,194
3LQV_B,3LQV_Q,65,209,1,7,19,0,115,37
3LVK_A,3LVK_B,26,954,157,0,354,46,388,76
3M0D_D,3M0D_C,28,132,0,0,14,0,75,63
3M1C_B,3M1C_A,280,215,1673,1,6,11,146,719
3M4W_E,3M4W_A,129,10,721,1,0,58,42,284
3M91_A,3M91_B,23,0,1,0,0,0,45,31
3MDY_B,3MDY_A,47,269,724,0,79,133,109,320
3ME0_A,3ME0_B,137,542,297,0,42,25,213,128
3MJH_C,3MJH_D,37,405,35,0,23,2,167,33
3MML_A,3MML_B,109,838,491,25,307,143,285,207
3MMY_C,3MMY_D,98,1064,65,3,187,7,355,51
3MN5_A,3MN5_S,47,835,3,0,22,0,347,20
3MSX_A,3MSX_B,71,413,320,0,35,47,177,192
3MXN_A,3MXN_B,75,286,319,2,26,12,151,131
3MZK_D,3MZK_C,177,860,547,0,137,60,297,381
3N3A_B,3N3A_C,66,463,284,2,69,62,282,131
3N3K_B,3N3K_A,77,148,846,0,15,153,74,355
3N9N_C,3N9N_A,54,0,1042,0,0,4,9,487
3N9U_C,3N9U_B,34,196,423,0,36,29,96,201
3NCE_A,3NCE_B,65,274,547,0,4,47,186,206
3NFG_C,3NFG_D,113,92,169,3,4,6,94,119
3NY7_B,3NY7_A,23,115,238,0,26,72,77,118
3NYB_B,3NYB_A,120,80,598,1,15,82,64,323
3O65_F,3O65_E,71,156,315,1,7,32,75,182
3O6Q_A,3O6Q_D,73,212,2,0,9,0,141,44
3OAK_A,3OAK_D,43,226,1,4,22,0,151,29
3OHM_B,3OHM_A,81,1797,613,0,196,35,759,318
3OIQ_B,3OIQ_A,42,0,360,0,0,0,30,183
3OLM_A,3OLM_D,47,725,149,0,72,17,412,74
3OQ3_B,3OQ3_A,117,796,232,0,28,6,329,166
3P71_C,3P71_T,76,775,685,0,89,87,303,315
3PCR_B,3PCR_A,47,332,811,0,12,5,156,340
3PEV_A,3PEV_B,71,333,455,1,32,46,174,288
3PIN_A,3PIN_B,49,228,326,1,65,77,104,139
3PNL_A,3PNL_B,113,1009,468,6,291,137,356,211
3PNR_A,3PNR_B,104,613,353,0,96,50,240,129
3PVL_A,3PVL_B,55,1274,10,0,48,2,597,16
3PZD_B,3PZD_A,51,7,908,0,0,33,36,498
3Q33_B,3Q33_A,61,323,864,0,28,55,213,393
3Q3J_B,3Q3J_A,36,395,197,0,26,12,175,102
3Q87_A,3Q87_B,74,246,415,0,24,106,122,164
3QBT_C,3QBT_D,41,404,292,0,30,38,171,130
3QDR_B,3QDR_A,41,73,167,0,5,4,49,92
3QKS_C,3QKS_A,18,7,286,0,0,24,21,199
3QN1_B,3QN1_A,58,810,388,0,146,88,295,179
3QVG_B,3QVG_A,36,172,148,2,37,28,104,82
3QWZ_A,3QWZ_B,40,440,165,0,43,38,175,79
3R07_A,3R07_C,56,607,171,2,155,38,255,88
3R2D_J,3R2D_A,45,159,190,2,19,57,79,132
3R84_V,3R84_U,98,36,46,11,1,3,78,80
3RNQ_A,3RNQ_B,39,291,488,0,33,35,112,184
3S9D_A,3S9D_B,52,171,436,0,6,26,127,180
3SBT_B,3SBT_A,40,629,462,0,64,16,300,253
3SGJ_A,3SGJ_C,34,534,439,0,45,38,219,169
3SJA_A,3SJA_D,17,641,37,0,35,4,338,61
3T12_A,3T12_C,37,421,268,0,94,42,176,133
3T6G_A,3T6G_B,71,528,174,2,24,4,299,134
3T97_C,3T97_B,54,0,0,2,0,0,54,58
3TBI_B,3TBI_A,57,391,65,0,14,3,226,69
3TL8_G,3TL8_K,88,635,103,0,29,1,301,88
3TND_A,3TND_B,78,246,57,1,78,8,132,68
3TUF_B,3TUF_A,47,432,142,5,101,24,158,115
3TVJ_B,3TVJ_I,98,688,67,1,87,9,242,35
3TVT_A,3TVT_B,41,545,0,0,13,0,255,14
3TW8_D,3TW8_C,94,382,779,0,25,53,173,362
3TX7_B,3TX7_A,42,291,1038,0,7,49,218,504
3U1J_E,3U1J_B,65,123,433,0,22,30,56,166
3U6X_D,3U6X_Y,44,306,259,1,12,24,163,105
3U88_M,3U88_C,16,6,93,0,0,1,56,82
3U9Z_A,3U9Z_C,50,869,2,0,18,1,357,20
3UKY_B,3UKY_C,61,826,0,2,18,0,427,14
3ULY_A,3ULY_B,29,801,15,0,36,0,389,17
3UTM_B,3UTM_C,50,643,12,0,35,0,307,32
3V4Y_A,3V4Y_B,104,771,2,0,29,0,293,41
3V96_B,3V96_A,93,355,386,3,36,52,159,164
3VA2_A,3VA2_C,34,60,822,0,0,25,107,307
3VEP_A,3VEP_C,55,67,17,1,2,1,68,47
3VHL_B,3VHL_A,134,390,488,0,27,47,178,264
3VHX_A,3VHX_B,61,383,197,0,22,16,162,106
3VIQ_B,3VIQ_A,126,32,82,22,0,6,85,122
3VLB_D,3VLB_C,79,651,1184,0,114,94,218,403
3VMF_A,3VMF_B,96,1221,781,0,250,115,427,351
3VU9_B,3VU9_A,61,352,422,0,21,17,191,215
3VUX_B,3VUX_E,39,153,48,0,2,3,76,33
3W15_A,3W15_C,72,1063,920,0,144,136,336,389
3W1Y_C,3W1Y_A,21,191,209,0,21,10,90,120
3W5U_H,3W5U_E,48,223,716,1,54,149,92,296
3WDG_A,3WDG_B,72,467,229,0,10,5,216,110
3WFD_C,3WFD_B,215,171,859,1,27,129,142,449
3WKR_A,3WKR_C,31,841,55,0,23,1,361,68
3WRY_D,3WRY_B,72,1013,1046,0,66,270,432,424
3WSO_B,3WSO_A,104,184,541,0,19,53,139,252
3WWN_A,3WWN_B,65,659,116,0,170,22,263,54
3WWQ_D,3WWQ_F,38,161,31,1,6,2,76,39
3WWT_A,3WWT_B,51,143,137,0,3,4,123,107
3WXF_B,3WXF_A,122,296,712,0,14,33,148,299
3WXM_A,3WXM_B,74,1242,906,0,247,166,432,357
3ZDL_B,3ZDL_A,74,5,336,0,0,4,26,256
3ZNZ_B,3ZNZ_A,124,305,497,0,7,20,146,266
3ZS9_A,3ZS9_D,36,598,5,1,18,0,293,35
4A49_B,4A49_A,44,304,144,1,36,16,146,76
4A8J_D,4A8J_E,54,655,431,0,52,36,271,217
4AF3_A,4AF3_D,73,467,10,1,59,0,253,43
4AQR_D,4AQR_A,92,0,168,2,0,4,57,145
4AYD_A,4AYD_D,66,272,737,0,12,0,123,243
4B1V_B,4B1V_N,52,869,8,0,39,0,359,26
4BD9_B,4BD9_A,70,371,821,0,78,156,165,304
4BJJ_A,4BJJ_B,144,182,143,7,22,5,106,85
4BQ6_A,4BQ6_D,85,561,370,0,51,40,205,148
4BRW_A,4BRW_B,76,862,3,1,46,1,376,30
4BSZ_A,4BSZ_B,86,273,291,0,28,62,187,150
4BX9_A,4BX9_C,46,1198,86,1,122,16,574,95
4C0H_B,4C0H_D,117,1050,4,0,44,0,427,33
4C0O_C,4C0O_A,68,210,1549,0,33,162,93,901
4C9B_A,4C9B_B,107,885,417,0,64,43,389,277
4C9R_C,4C9R_D,62,372,229,0,13,16,161,107
4CC9_B,4CC9_C,49,84,8,0,0,0,98,19
4CCG_A,4CCG_X,40,316,147,1,48,12,157,75
4CCN_D,4CCN_B,49,0,976,0,0,2,10,459
4CFR_Q,4CFR_B,58,10,84,2,0,5,43,100
4CGY_A,4CGY_B,78,1389,395,4,184,47,619,205
4CI6_A,4CI6_B,137,861,1041,0,102,98,358,576
4CJ2_A,4CJ2_D,43,288,119,0,12,6,129,62
4CLQ_B,4CLQ_A,117,19,926,0,1,194,54,348
4CMM_B,4CMM_A,58,291,283,0,30,28,119,117
4CO6_C,4CO6_E,67,242,8,0,4,0,190,39
4CPA_A,4CPA_I,30,814,80,0,18,4,307,37
4CRY_G,4CRY_B,35,192,245,0,59,53,101,127
4CT0_A,4CT0_B,208,990,51,0,23,2,486,96
4CXF_A,4CXF_B,77,217,1,1,7,0,154,29
4CYM_D,4CYM_A,39,356,396,0,78,55,167,177
4D0N_A,4D0N_B,73,400,622,0,32,67,179,371
4DCK_C,4DCK_A,74,403,185,0,45,8,148,153
4DGL_C,4DGL_B,41,681,341,0,88,31,334,201
4DH2_B,4DH2_A,49,127,428,0,18,49,72,158
4DHI_D,4DHI_B,39,278,417,0,24,50,150,238
4DID_A,4DID_B,121,394,134,0,6,0,179,127
4DVG_A,4DVG_B,45,393,375,0,28,12,164,294
4DX8_H,4DX8_B,85,292,299,0,13,14,159,136
4DXR_B,4DXR_A,54,4,441,0,0,32,25,196
4E6K_D,4E6K_H,18,236,46,1,70,11,156,33
4E6N_A,4E6N_B,138,893,484,9,139,81,407,218
4EB5_A,4EB5_C,59,941,314,3,343,100,379,138
4EN2_B,4EN2_A,77,242,709,0,13,0,149,255
4EOZ_C,4EOZ_D,41,184,356,0,27,36,116,283
4ETP_A,4ETP_B,75,766,529,6,32,11,379,287
4ETW_B,4ETW_A,20,106,619,0,22,212,75,255
4F6U_A,4F6U_B,95,671,431,1,78,43,334,267
4F8C_B,4F8C_A,107,153,502,0,1,0,74,249
4F9C_A,4F9C_B,175,683,65,2,78,2,306,88
4FBW_A,4FBW_C,87,984,0,0,4,0,379,21
4FJV_B,4FJV_A,63,157,419,0,12,49,82,231
4FOU_A,4FOU_C,62,540,206,0,163,39,262,95
4FQ3_B,4FQ3_A,79,0,1481,0,0,24,19,834
4FXE_B,4FXE_E,70,18,143,0,1,31,78,82
4FXW_B,4FXW_A,49,60,200,1,6,26,97,102
4G2V_B,4G2V_A,72,0,578,0,0,8,17,321
4G6U_A,4G6U_B,65,363,309,0,20,18,205,160
4GAF_A,4GAF_B,99,376,751,0,39,57,152,306
4GF3_B,4GF3_A,72,11,236,2,1,9,28,123
4GOJ_B,4GOJ_D,55,394,379,0,26,31,176,161
4GS7_A,4GS7_C,42,162,498,2,6,39,110,193
4GXB_B,4GXB_A,48,0,566,0,0,60,15,263
4H3H_B,4H3H_A,72,408,503,0,45,49,189,317
4HFK_A,4HFK_B,44,377,130,0,51,21,160,98
4HH3_A,4HH3_C,64,475,418,0,67,80,251,217
4HI8_B,4HI8_A,27,136,370,0,15,60,72,170
4HKC_A,4HKC_B,22,336,0,0,7,0,229,7
4HNY_B,4HNY_A,239,378,1152,2,77,271,216,733
4HPM_C,4HPM_D,89,176,163,2,10,9,107,82
4HSU_C,4HSU_A,115,3,1771,0,0,168,26,737
4HX3_H,4HX3_G,70,237,322,0,22,46,108,133
4I6N_B,4I6N_A,66,148,454,3,13,50,74,215
4I98_A,4I98_C,117,73,242,20,7,81,142,165
4I9X_C,4I9X_B,72,220,441,1,11,9,103,182
4IAO_A,4IAO_C,235,849,56,0,7,1,425,97
4IN3_C,4IN3_D,52,98,1195,1,5,53,75,632
4ITR_C,4ITR_B,74,406,510,0,47,35,176,296
4IUM_B,4IUM_A,51,154,310,0,11,2,75,127
4IW3_K,4IW3_J,112,1019,459,0,166,96,378,201
4JMF_A,4JMF_B,80,3,225,0,0,4,50,116
4JOI_B,4JOI_C,72,288,255,1,47,33,141,118
4JQU_A,4JQU_B,54,319,33,1,10,1,163,54
4K1R_D,4K1R_C,96,151,465,2,18,40,76,189
4KBB_D,4KBB_B,36,0,1136,0,0,1,18,417
4KFZ_A,4KFZ_C,102,228,322,0,25,19,146,127
4KMO_A,4KMO_B,130,1224,330,2,139,46,567,258
4KT5_C,4KT5_A,38,144,260,0,4,14,88,112
4KT6_C,4KT6_D,83,544,272,0,22,12,254,161
4KYO_A,4KYO_B,60,973,546,0,282,161,387,286
4KYT_A,4KYT_B,67,2151,0,0,13,0,975,29
4L0Z_B,4L0Z_A,22,154,335,0,7,14,101,147
4L41_B,4L41_C,33,246,679,0,27,62,122,273
4L63_C,4L63_A,18,194,614,0,10,11,105,249
4LD3_A,4LD3_B,35,317,0,1,15,0,154,16
4LJO_B,4LJO_A,46,153,387,0,14,22,76,216
4LL1_B,4LL1_A,43,214,754,0,51,79,105,278
4LN0_B,4LN0_C,63,473,11,0,19,0,194,50
4LRT_A,4LRT_B,101,986,800,3,231,113,334,295
4LX3_A,4LX3_B,176,170,23,33,31,2,98,35
4M0W_B,4M0W_A,82,151,794,0,1,45,76,317
4M1U_A,4M1U_E,33,628,165,0,9,13,281,70
4M5D_A,4M5D_B,190,2437,263,2,271,16,1098,169
4M69_A,4M69_B,75,634,539,0,123,133,284,264
4M70_I,4M70_J,54,140,112,0,2,4,108,89
4MCT_A,4MCT_B,50,91,165,10,27,48,89,89
4ME7_F,4ME7_C,47,13,227,0,3,69,74,107
4MOY_A,4MOY_B,100,747,2,0,24,0,294,35
4MRT_C,4MRT_A,36,120,482,2,50,128,77,225
4N3Y_A,4N3Y_C,44,0,0,3,0,0,35,83
4N6O_B,4N6O_A,50,282,725,0,42,118,115,262
4NDN_B,4NDN_F,45,1032,718,0,255,229,383,304
4NQW_A,4NQW_B,144,172,46,15,64,14,148,73
4NRH_A,4NRH_D,73,439,247,0,36,38,289,170
4NUT_A,4NUT_B,41,272,9,0,8,1,122,27
4NWO_A,4NWO_B,47,406,257,0,105,70,171,114
4NWP_C,4NWP_E,50,218,237,1,60,55,140,118
4NZL_A,4NZL_B,67,658,194,0,16,0,218,96
4OJK_C,4OJK_A,51,0,390,3,0,77,37,174
4OV6_G,4OV6_E,52,240,812,0,45,166,95,270
4OY2_F,4OY2_E,443,315,719,31,31,56,220,457
4P6I_D,4P6I_A,74,557,202,0,80,47,288,101
4P78_D,4P78_A,101,107,151,14,34,48,66,86
4PBY_D,4PBY_B,43,0,1156,0,0,0,13,403
4PER_B,4PER_A,66,231,1205,0,23,85,109,458
4PK7_B,4PK7_A,189,21,1489,2,1,74,76,903
4PKF_A,4PKF_C,70,2302,56,0,39,6,857,37
4PW9_A,4PW9_B,56,1054,140,0,268,18,363,83
4Q2U_A,4Q2U_B,98,36,150,16,6,38,83,88
4Q35_A,4Q35_B,203,2068,287,14,432,87,758,150
4QAF_A,4QAF_D,41,230,181,0,7,13,109,95
4QAM_B,4QAM_A,71,354,1239,0,20,142,175,364
4QLB_E,4QLB_A,68,15,1470,1,0,72,34,650
4QLP_B,4QLP_A,108,444,379,0,36,48,199,175
4QPJ_C,4QPJ_A,66,247,409,0,76,47,120,208
4QPL_B,4QPL_A,39,309,326,0,38,30,149,153
4QTT_C,4QTT_D,75,243,389,0,24,68,135,170
4R10_B,4R10_A,93,22,1057,0,0,40,41,537
4R3U_A,4R3U_C,70,1300,278,3,317,75,557,131
4R6U_D,4R6U_A,104,388,638,0,32,40,155,274
4RGW_A,4RGW_B,268,744,212,25,61,41,404,123
4ROC_B,4ROC_A,100,418,430,1,62,52,178,302
4RS1_A,4RS1_B,78,162,688,1,6,43,105,267
4RT6_B,4RT6_A,109,438,2703,0,27,170,172,805
4S0H_B,4S0H_E,17,46,405,0,2,22,53,177
4TPS_D,4TPS_C,28,132,267,0,15,28,84,140
4TQ1_A,4TQ1_B,71,545,1,0,17,0,258,32
4TXO_D,4TXO_C,51,339,426,1,101,96,159,177
4TXV_B,4TXV_A,83,327,431,2,90,98,142,175
4U65_A,4U65_E,29,228,346,1,36,64,131,181
4UAF_B,4UAF_E,93,845,106,0,28,0,425,72
4UE8_A,4UE8_B,94,371,8,1,35,0,162,37
4UE9_A,4UE9_B,91,400,4,0,5,0,174,36
4UFR_A,4UFR_B,54,1337,220,0,136,27,459,102
4UI1_A,4UI1_D,36,208,86,1,20,5,104,72
4US0_R,4US0_S,95,363,775,0,24,75,167,454
4UZY_B,4UZY_A,200,4,950,2,0,54,50,624
4UZZ_B,4UZZ_A,103,46,96,5,8,8,65,108
4V0X_A,4V0X_B,100,765,0,1,22,0,293,24
4W4O_C,4W4O_A,35,690,524,0,59,47,259,215
4WEM_A,4WEM_B,47,782,330,0,12,27,248,121
4WMA_D,4WMA_A,43,57,672,0,5,50,35,299
4WNL_D,4WNL_E,31,302,3,0,0,0,220,8
4WSI_X,4WSI_A,83,1,768,1,0,41,18,372
4WV4_A,4WV4_B,162,64,57,14,3,8,86,93
4WW7_A,4WW7_B,67,456,337,0,39,57,237,172
4WX8_E,4WX8_B,77,45,134,11,3,12,60,82
4X8K_A,4X8K_B,41,142,3,5,6,1,122,32
4XD9_A,4XD9_B,194,523,95,32,88,10,236,88
4XDN_A,4XDN_B,376,974,38,2,9,1,604,122
4XGA_B,4XGA_A,57,349,1167,1,112,414,174,347
4XH9_E,4XH9_D,98,393,561,0,31,54,174,338
4XHU_A,4XHU_B,45,815,109,0,43,5,341,89
4XIZ_A,4XIZ_N,72,352,60,2,37,5,170,70
4XKL_C,4XKL_D,32,164,31,1,4,1,78,31
4XLG_A,4XLG_B,68,527,76,1,27,1,260,67
4XOI_A,4XOI_B,41,427,452,0,13,28,177,210
4XPN_A,4XPN_B,48,791,0,0,16,0,296,16
4XSG_A,4XSG_B,67,405,454,0,18,19,176,205
4XT1_A,4XT1_B,78,407,101,0,15,10,291,67
4XWJ_B,4XWJ_A,38,180,178,0,48,14,83,153
4XXB_A,4XXB_B,64,312,55,2,16,5,151,42
4XZR_B,4XZR_A,86,849,0,0,27,0,423,18
4Y5O_B,4Y5O_A,76,152,58,1,8,1,103,78
4YII_U,4YII_A,42,281,93,0,33,15,145,72
4YK8_A,4YK8_B,72,318,354,4,23,24,162,194
4YL8_B,4YL8_A,84,19,616,0,0,28,31,296
4YMU_J,4YMU_C,59,558,306,11,163,101,240,214
4YON_B,4YON_A,78,393,562,0,31,62,176,349
4YYP_A,4YYP_B,52,152,1,0,8,0,87,32
4Z3U_B,4Z3U_A,104,408,319,0,5,13,248,162
4Z6Y_A,4Z6Y_D,40,424,3,0,9,0,273,53
4Z80_A,4Z80_C,103,1389,37,0,13,3,466,32
4Z8L_E,4Z8L_F,89,61,93,3,0,0,79,95
4Z96_A,4Z96_C,39,1086,0,0,0,0,523,8
4ZHY_B,4ZHY_A,80,222,340,3,49,76,112,150
4ZJB_G,4ZJB_B,15,108,365,0,25,120,81,151
4ZJV_A,4ZJV_C,112,615,24,0,55,0,282,46
4ZK9_B,4ZK9_A,74,100,608,0,3,0,61,216
4ZP3_A,4ZP3_M,35,12,0,3,1,0,43,28
4ZRI_C,4ZRI_A,35,0,585,0,0,32,20,293
4ZRK_G,4ZRK_C,38,4,593,0,0,28,22,295
4ZRP_C,4ZRP_A,40,136,843,0,11,56,78,400
5ABV_F,5ABV_E,94,35,407,1,1,16,59,179
5AJJ_B,5AJJ_A,82,5,109,0,0,0,29,138
5AQV_A,5AQV_B,44,946,107,0,71,5,378,115
5B0O_C,5B0O_G,86,1012,160,9,247,35,445,136
5B5W_U,5B5W_A,69,10,242,1,0,21,64,172
5B64_A,5B64_B,43,373,164,0,53,10,180,116
5B83_D,5B83_F,36,627,0,0,21,0,300,59
5BQC_A,5BQC_B,53,197,222,0,18,13,100,124
5BZ0_B,5BZ0_A,96,154,573,0,29,30,76,247
5C2J_B,5C2J_A,71,439,356,0,28,61,191,201
5C46_F,5C46_E,39,414,916,0,45,73,175,469
5CCB_B,5CCB_A,164,758,695,6,120,169,371,282
5CEC_A,5CEC_B,101,1058,426,0,163,89,401,193
5CGQ_A,5CGQ_B,98,660,1110,14,205,301,268,390
5CJP_A,5CJP_E,86,411,495,0,23,33,177,372
5CLL_A,5CLL_B,103,406,278,2,29,49,179,139
5CM2_M,5CM2_Z,74,240,437,0,27,94,124,184
5CM8_B,5CM8_A,106,327,782,0,19,68,169,419
5CRA_C,5CRA_B,62,148,359,0,2,99,75,172
5CSF_B,5CSF_C,25,95,0,0,0,0,90,15
5CX3_E,5CX3_A,52,1,211,0,0,7,20,119
5CYZ_A,5CYZ_C,165,670,108,1,13,7,353,99
5D1M_A,5D1M_B,75,285,133,0,32,5,146,110
5D6H_A,5D6H_B,106,566,194,3,80,35,219,98
5DA9_C,5DA9_A,88,70,849,0,6,55,82,424
5DMB_D,5DMB_A,77,56,311,8,9,105,72,140
5DMV_C,5DMV_D,34,514,0,0,1,0,230,10
5E8J_B,5E8J_D,87,684,7,1,30,0,310,43
5EE5_B,5EE5_A,42,377,313,0,34,28,164,201
5EOF_C,5EOF_B,52,1,3,0,0,0,43,74
5EP6_B,5EP6_A,59,1,0,2,0,0,46,36
5ET0_D,5ET0_C,49,3,794,0,0,22,20,326
5F1B_A,5F1B_C,58,364,472,0,0,0,158,215
5F4E_B,5F4E_A,41,455,476,0,19,26,209,233
5F5S_A,5F5S_B,24,342,0,0,48,0,177,53
5F5T_A,5F5T_C,48,366,6,0,38,0,215,64
5F74_B,5F74_A,25,0,344,0,0,7,20,229
5F84_B,5F84_A,65,77,787,0,8,74,39,365
5FC8_E,5FC8_C,47,842,0,0,5,0,427,13
5FIR_C,5FIR_D,68,1192,60,2,62,6,592,68
5FVD_B,5FVD_A,81,5,662,1,0,9,28,343
5G1X_B,5G1X_A,48,5,574,0,0,12,29,262
5GJK_A,5GJK_B,46,126,103,0,8,16,94,68
5GK9_B,5GK9_A,68,16,534,0,1,35,24,265
5GQQ_B,5GQQ_D,48,415,221,0,53,24,178,167
5H07_A,5H07_D,31,483,0,0,17,0,223,78
5H2W_C,5H2W_D,59,836,0,0,8,0,414,19
5HK5_A,5HK5_E,102,211,233,0,15,14,105,128
5HPS_A,5HPS_B,54,734,147,0,75,14,374,73
5HU3_B,5HU3_A,52,0,583,3,0,8,15,266
5HXG_C,5HXG_D,68,460,59,0,76,3,211,65
5IBK_C,5IBK_A,43,161,187,0,16,32,76,141
5IBW_C,5IBW_A,64,0,84,1,0,6,43,76
5IFG_B,5IFG_A,76,86,159,3,11,39,114,97
5IFS_B,5IFS_A,117,1033,287,1,82,25,444,181
5IIB_A,5IIB_B,61,155,265,0,0,19,124,108
5IMT_D,5IMT_A,43,179,1128,0,4,0,77,460
5INB_A,5INB_B,97,769,25,0,23,0,293,33
5IUK_F,5IUK_E,37,313,300,1,131,69,133,206
5J1S_B,5J1S_A,95,460,523,1,26,37,235,277
5J43_E,5J43_F,103,811,121,0,48,1,313,101
5JAA_D,5JAA_A,81,145,80,12,25,14,98,101
5JEJ_A,5JEJ_D,24,556,0,0,4,0,234,9
5JEN_B,5JEN_A,110,276,417,0,17,71,129,207
5JFZ_E,5JFZ_F,100,274,16,5,31,0,180,49
5JG6_B,5JG6_A,38,160,111,0,19,11,77,61
5JPO_A,5JPO_E,31,418,2,1,41,0,216,32
5JQY_B,5JQY_A,72,7,925,2,0,89,18,429
5JW7_B,5JW7_A,63,110,571,0,7,51,61,262
5JW9_A,5JW9_B,68,7,75,1,0,0,35,113
5JWO_A,5JWO_B,88,512,167,0,88,23,217,88
5K04_B,5K04_A,145,319,1171,4,46,114,153,732
5K23_A,5K23_C,48,331,291,0,68,77,156,149
5KBX_B,5KBX_A,45,274,209,0,83,40,142,152
5KP7_B,5KP7_A,44,113,1085,0,28,242,79,410
5KWY_C,5KWY_B,25,354,497,0,54,67,133,236
5KXH_B,5KXH_A,63,77,798,0,12,95,38,350
5L6N_H,5L6N_I,65,734,1,0,22,0,254,22
5L6W_C,5L6W_L,42,338,621,0,45,116,165,290
5L8H_B,5L8H_A,119,150,735,1,15,93,75,311
5LB7_B,5LB7_A,75,74,196,3,6,11,78,166
5LDA_B,5LDA_A,54,100,286,8,22,74,56,126
5LG4_A,5LG4_B,35,195,360,0,18,49,188,174
5LGD_A,5LGD_B,36,1045,186,0,13,5,400,151
5LPU_B,5LPU_D,63,533,81,0,116,10,338,95
5LSB_A,5LSB_B,55,371,93,3,44,8,176,62
5LSI_D,5LSI_E,117,58,61,5,4,4,82,76
5LXR_A,5LXR_B,59,174,26,7,40,3,80,40
5M5E_D,5M5E_C,38,182,484,0,5,21,121,193
5M72_A,5M72_B,68,199,0,3,37,0,150,21
5MJ3_A,5MJ3_B,84,780,216,0,22,4,302,155
5MU7_B,5MU7_A,81,289,610,0,29,60,150,371
5NT7_D,5NT7_C,66,323,131,1,26,10,153,92
5NVL_C,5NVL_D,144,345,26,9,28,0,156,67
5SZH_B,5SZH_A,48,411,82,0,19,2,175,143
5T46_C,5T46_D,91,383,8,1,28,0,177,36
5T48_A,5T48_B,44,412,31,0,20,6,181,36
5TAR_A,5TAR_B,21,366,344,0,23,23,184,148
5TCS_A,5TCS_C,46,178,60,0,11,9,261,96
5TDY_C,5TDY_D,75,8,42,5,0,7,42,86
5UA4_A,5UA4_B,56,191,2,2,5,0,135,32
5UNI_B,5UNI_A,328,422,59,54,65,4,261,94
5UQ2_A,5UQ2_B,70,614,184,0,28,14,296,133
5VJI_D,5VJI_F,42,0,10,0,0,0,39,55
5VXZ_D,5VXZ_B,66,259,1100,0,26,100,102,376
5WGB_A,5WGB_B,24,669,58,2,94,10,291,75
5WUR_A,5WUR_C,100,209,43,8,72,8,157,70
5WXM_B,5WXM_V,51,182,0,9,17,0,129,32
5WY5_B,5WY5_A,55,240,440,1,35,65,189,236
5WYL_D,5WYL_C,101,23,703,1,2,45,41,418
5X1E_A,5X1E_C,27,207,71,1,24,1,110,97
5X3T_C,5X3T_D,86,16,238,3,1,64,68,136
5X5W_C,5X5W_D,64,564,245,0,0,0,233,107
5XBF_A,5XBF_B,66,977,241,0,70,16,467,119
5XSJ_L,5XSJ_X,30,166,736,0,26,133,122,273
5N9J_S,5N9J_W,72,199,620,2,16,19,171,463
5N9J_A,5N9J_G,93,819,60,2,38,1,566,163
5N9J_S,5N9J_Z,32,199,46,0,21,1,171,119
5N9J_W,5N9J_U,125,620,84,7,19,1,463,198
5N9J_R,5N9J_A,53,89,819,0,5,34,99,566
5N9J_A,5N9J_D,54,819,55,2,39,0,566,135
5N9J_S,5N9J_U,106,199,84,7,17,3,171,198
5N9J_E,5N9J_A,50,99,819,5,3,41,201,566
5N9J_E,5N9J_G,46,99,60,0,2,1,201,163
5N9J_R,5N9J_G,50,89,60,5,1,0,99,163
5N9J_S,5N9J_G,26,199,60,0,20,1,171,163
5N9J_C,5N9J_B,110,39,60,5,0,4,111,133
5N9J_E,5N9J_C,35,99,39,0,2,1,201,111
5N9J_B,5N9J_G,17,60,60,0,4,0,133,163
5N9J_A,5N9J_W,133,819,620,0,40,21,566,463
5N9J_Z,5N9J_U,55,46,84,0,1,2,119,198
5N9J_B,5N9J_D,59,60,55,10,2,1,133,135
5N9J_A,5N9J_B,139,819,60,5,43,3,566,133
5N9J_E,5N9J_B,42,99,60,3,3,3,201,133
5N9J_C,5N9J_A,101,39,819,2,0,34,111,566
5N9J_S,5N9J_A,49,199,819,0,19,39,171,566
5N9J_G,5N9J_D,21,60,55,0,1,1,163,135
4HEA_E,4HEA_D,54,895,2121,0,247,451,384,756
4HEA_5,4HEA_9,25,347,357,0,97,63,196,180
4HEA_E,4HEA_O,72,895,353,6,250,64,384,180
4HEA_A,4HEA_6,44,36,352,4,2,62,117,161
4HEA_7,4HEA_9,32,237,357,0,13,6,127,180
4HEA_4,4HEA_6,74,897,352,8,241,60,384,161
4HEA_H,4HEA_4,71,653,897,8,159,261,353,384
4HEA_3,4HEA_9,31,2124,357,0,478,66,756,180
4HEA_D,4HEA_X,46,2121,270,0,28,10,756,127
4HEA_5,4HEA_3,50,347,2124,0,92,472,196,756
4HEA_Q,4HEA_G,67,652,349,9,155,61,353,161
4HEA_F,4HEA_X,29,346,270,0,12,13,196,127
4HEA_6,4HEA_W,39,352,273,0,14,12,161,127
4HEA_6,4HEA_9,103,352,357,8,68,64,161,180
4HEA_D,4HEA_B,91,2121,1100,4,470,323,756,437
4HEA_Q,4HEA_R,47,652,109,3,154,26,353,160
4HEA_5,4HEA_4,176,347,897,21,95,263,196,384
4HEA_D,4HEA_I,46,2121,236,0,38,9,756,127
4HEA_Q,4HEA_P,194,652,34,35,167,1,353,117
4HEA_5,4HEA_6,26,347,352,0,94,71,196,161
4HEA_Q,4HEA_O,34,652,353,6,153,67,353,180
2PMZ_Q,2PMZ_W,70,1528,92,2,205,9,776,82
2PMZ_E,2PMZ_K,24,419,90,2,86,8,176,82
2PMZ_B,2PMZ_N,110,2658,70,3,280,10,1090,64
2PMZ_K,2PMZ_C,58,90,406,5,9,35,82,279
2PMZ_H,2PMZ_K,20,132,90,1,36,11,74,82
2PMZ_V,2PMZ_G,69,133,404,3,29,38,74,279
2PMZ_A,2PMZ_L,37,1526,163,0,211,40,776,92
2PMZ_B,2PMZ_P,41,2658,57,0,227,3,1090,43
2PMZ_A,2PMZ_H,34,1526,132,3,209,25,776,74
2PMZ_T,2PMZ_G,34,422,404,0,84,38,176,279
3H0G_B,3H0G_J,89,2508,75,1,246,11,1150,64
3H0G_B,3H0G_L,59,2508,61,0,206,7,1150,45
3H0G_N,3H0G_U,63,2522,188,0,250,25,1150,111
4QIW_J,4QIW_Q,16,2527,437,0,349,93,1069,181
3M9S_3,3M9S_F,30,2057,293,0,461,46,754,145
4XGC_A,4XGC_B,30,576,452,0,65,64,310,281
4XGC_A,4XGC_D,74,576,746,0,75,59,310,440
4XGC_B,4XGC_C,108,452,940,2,57,88,281,567
4XGC_B,4XGC_E,51,452,668,0,57,74,281,402
4XGC_D,4XGC_E,134,746,668,0,66,84,440,402
4XGC_A,4XGC_E,34,576,668,0,75,83,310,402
4XGC_C,4XGC_E,107,940,668,1,83,60,567,402
4XGC_F,4XGC_C,19,1,940,0,0,7,19,567
5I2D_H,5I2D_A,51,419,608,0,125,140,195,284
5I2D_G,5I2D_F,26,415,408,0,118,51,195,346
4XLR_C,4XLR_M,42,2670,299,2,350,63,1117,158
3AOH_H,3AOH_Z,20,2595,246,0,406,64,1103,152
4D18_F,4D18_B,27,383,540,0,38,50,281,403
4D18_F,4D18_A,25,383,589,1,35,74,281,419
4D18_J,4D18_I,87,540,592,0,50,67,403,419
4D18_M,4D18_J,37,528,540,0,44,65,298,403
4D18_M,4D18_N,231,528,384,3,38,37,298,281
4D18_E,4D18_H,18,527,214,0,33,17,298,173
4H63_V,4H63_R,13,48,447,0,3,41,117,201
5FU7_E,5FU7_G,100,852,197,2,83,15,514,148
5FU7_A,5FU7_B,152,869,221,2,81,23,519,191
5FU7_A,5FU7_D,51,869,1,0,5,0,519,33
5FU7_C,5FU7_D,27,195,1,0,6,0,148,33
5FU7_C,5FU7_B,175,195,221,5,20,20,148,191
5LSJ_C,5LSJ_Q,31,73,0,0,0,0,199,15
5LSJ_B,5LSJ_D,50,49,4,0,1,0,173,100
5LSJ_E,5LSJ_G,20,49,1,0,0,0,173,102
5LSJ_C,5LSJ_G,115,73,1,2,0,0,199,102
5LSJ_A,5LSJ_D,52,76,4,0,1,0,199,100
5LSK_N,5LSK_P,10,65,5,0,0,0,173,38
3GLI_A,3GLI_B,63,545,674,0,126,202,333,359
3GLI_F,3GLI_J,45,546,615,8,140,205,334,334
4P5O_C,4P5O_F,30,437,283,0,47,39,322,195
4P5O_G,4P5O_D,31,311,118,1,41,11,170,76
4P5O_K,4P5O_B,35,157,113,0,19,10,76,75
4P5O_G,4P5O_C,13,311,437,0,34,54,170,322
4P6V_F,4P6V_A,27,884,1118,0,229,261,407,400
4P6V_F,4P6V_C,34,884,518,0,208,93,407,251
4P6V_B,4P6V_A,98,596,1118,5,159,275,348,400
4P6V_D,4P6V_C,71,278,518,7,58,103,179,251
4WJ3_P,4WJ3_A,19,1241,1346,0,329,489,589,483
4WJ3_H,4WJ3_I,98,907,36,27,259,6,455,96
4WJ3_M,4WJ3_K,24,1261,903,0,341,249,589,455
1P9M_A,1P9M_C,36,764,539,0,95,76,298,201
1P9M_C,1P9M_B,24,539,206,0,41,5,201,163
1Q90_R,1Q90_A,41,2,670,8,0,61,39,292
1Q90_D,1Q90_C,40,97,330,0,11,53,156,126
2F8X_K,2F8X_C,68,508,1085,0,73,70,218,424
2F8X_K,2F8X_M,23,508,0,0,35,0,218,55
2F8X_C,2F8X_M,52,1085,0,2,37,0,424,55
3MK7_G,3MK7_I,159,962,471,0,175,30,465,303
3MK7_D,3MK7_E,238,956,319,5,184,23,463,197
3MK7_E,3MK7_F,58,319,474,4,35,51,197,303
3O4O_C,3O4O_B,33,694,716,0,40,48,316,323
3O4O_C,3O4O_A,90,694,367,0,42,38,316,152
3O4O_A,3O4O_B,47,367,716,0,23,34,152,323
3U60_C,3U60_G,47,578,501,0,69,59,320,222
4B8C_D,4B8C_H,35,653,410,0,62,33,318,233
4B8C_D,4B8C_A,76,653,559,0,68,58,318,267
4B8C_H,4B8C_C,45,410,558,1,34,61,233,267
4FAO_b,4FAO_d,37,213,156,0,15,21,105,72
4FAO_W,4FAO_d,10,218,156,0,45,25,91,72
4FAO_M,4FAO_Q,54,213,216,0,14,24,105,91
4OO1_J,4OO1_H,45,825,607,0,136,74,493,279
4OO1_J,4OO1_C,112,825,689,0,194,131,493,312
5FFO_D,5FFO_B,57,581,610,0,19,52,322,242
5FFO_G,5FFO_A,15,540,1814,0,28,214,297,589
5HZK_D,5HZK_A,58,817,391,0,88,36,471,176
5HZK_D,5HZK_C,83,817,394,0,88,35,471,176
5O7X_I,5O7X_G,179,356,1213,0,12,57,303,598
5O7X_F,5O7X_E,65,356,552,3,9,24,303,377
5O7X_G,5O7X_H,242,1213,555,0,54,27,598,377
1UF2_K,1UF2_A,37,0,2112,0,0,1,12,967
2NN6_F,2NN6_I,51,582,464,2,148,100,223,180
2NN6_I,2NN6_G,40,464,511,0,87,69,180,236
3DIN_A,3DIN_E,24,1588,24,0,240,0,816,65
3DIN_A,3DIN_C,186,1588,497,5,245,45,816,396
3HD7_F,3HD7_G,112,0,1,11,0,0,99,76
3HD7_F,3HD7_E,149,0,0,6,0,0,99,90
3IKO_H,3IKO_I,140,664,622,8,49,71,420,414
3V11_A,3V11_B,73,1133,501,3,257,95,404,254
3V11_A,3V11_C,36,1133,0,0,28,0,404,17
3WO4_B,3WO4_C,44,686,644,1,75,45,301,270
3WO4_A,3WO4_C,20,397,644,0,34,35,157,270
4DAY_C,4DAY_A,35,0,269,0,0,6,12,144
4DGW_B,4DGW_A,109,41,437,4,1,41,123,358
4DGW_B,4DGW_C,99,41,198,8,1,14,123,139
4GD3_T,4GD3_A,137,657,125,3,116,20,300,179
4JJN_L,4JJN_F,46,398,69,0,36,3,211,91
4JJN_E,4JJN_L,10,58,398,0,2,33,96,211
4Z42_C,4Z42_B,138,1662,198,16,330,37,571,114
4Z42_F,4Z42_A,102,1661,146,8,327,32,571,99
5B2G_A,5B2G_F,29,535,282,0,11,0,332,120
5B2G_C,5B2G_D,91,621,275,0,27,31,350,123
5BS7_E,5BS7_C,39,7,48,0,1,1,70,69
5CL1_D,5CL1_A,98,212,1087,1,10,31,118,472
5DLQ_F,5DLQ_B,119,324,1755,0,59,120,137,1052
5DLQ_C,5DLQ_B,71,412,1755,0,19,118,173,1052
5JHF_F,5JHF_E,84,350,191,0,5,6,405,128
5LOP_A,5LOP_C,30,444,139,0,42,20,259,62
5O32_J,5O32_F,61,650,2092,0,126,240,241,903
5UFU_A,5UFU_B,194,745,283,0,188,37,368,159
5VOB_B,5VOB_D,48,366,277,0,8,7,237,170
5VOB_B,5VOB_A,265,366,1572,1,7,17,237,667
1FFT_F,1FFT_G,245,944,487,20,242,96,501,257
1GH6_B,1GH6_A,40,480,98,0,42,6,326,114
1GXD_A,1GXD_C,65,1567,434,0,142,27,624,192
1HBX_G,1HBX_B,51,143,79,0,6,2,112,86
1IXR_B,1IXR_C,42,361,612,8,116,128,191,308
1LB2_A,1LB2_B,17,392,108,0,139,19,201,72
1LDK_A,1LDK_D,35,514,179,0,52,26,358,118
1MIU_A,1MIU_B,165,1310,6,5,85,0,671,42
1OGY_O,1OGY_P,216,2327,139,10,391,10,789,126
1RH5_A,1RH5_C,81,763,2,0,35,0,410,32
1RLB_E,1RLB_B,23,421,296,0,70,76,174,120
1ZT2_A,1ZT2_B,65,737,319,3,103,37,327,207
2AUH_B,2AUH_A,74,22,635,0,0,50,37,297
2B3T_B,2B3T_A,119,592,642,14,134,243,300,276
2BQ1_I,2BQ1_E,70,458,1674,0,66,347,294,675
2BTV_H,2BTV_B,46,722,1907,0,12,11,349,885
2FTK_E,2FTK_A,59,248,297,2,57,26,118,181
2H1L_Q,2H1L_E,60,492,675,0,43,20,199,362
2P5T_E,2P5T_F,86,86,426,1,1,15,95,240
2PF4_H,2PF4_D,37,209,1004,0,0,30,143,577
2PJW_H,2PJW_V,100,24,28,5,2,1,84,87
2Q2E_B,2Q2E_A,63,1271,562,0,154,71,581,315
2Q7N_A,2Q7N_B,70,1311,305,0,52,7,480,180
2RDD_A,2RDD_B,59,2339,0,0,647,0,1018,37
2RF4_A,2RF4_B,99,383,22,0,23,2,171,61
2V53_A,2V53_D,22,321,0,0,8,0,214,26
2V5P_B,2V5P_C,47,1286,64,0,142,1,466,48
2VCP_B,2VCP_E,46,868,1,0,38,0,370,19
2X0B_C,2X0B_D,155,971,1036,0,159,109,329,423
2Y3A_B,2Y3A_A,155,299,2028,0,17,106,236,976
2Y9Y_A,2Y9Y_B,154,314,971,0,10,22,277,592
2YJN_B,2YJN_A,92,751,944,0,104,223,337,408
2ZP8_B,2ZP8_G,32,171,69,0,31,6,70,53
2ZUP_A,2ZUP_B,63,340,184,2,64,34,188,145
3A0R_B,3A0R_A,29,224,556,0,68,140,113,334
3AB0_D,3AB0_E,33,400,316,0,0,0,136,117
3ALZ_A,3ALZ_B,63,1192,257,0,9,5,417,109
3AV0_A,3AV0_B,78,799,735,0,164,79,369,365
3CL3_A,3CL3_D,23,256,0,0,15,0,172,59
3CUE_L,3CUE_G,55,347,292,0,28,31,166,159
3ENO_B,3ENO_F,68,843,131,5,142,20,328,79
3EUJ_B,3EUJ_A,75,125,967,0,7,43,90,437
3GYX_E,3GYX_F,278,1774,228,1,271,32,662,166
3HGK_B,3HGK_E,56,606,98,0,25,0,286,77
3HHZ_A,3HHZ_K,45,115,698,0,1,8,73,421
3HJY_A,3HJY_B,72,820,62,7,157,9,320,53
3ICQ_B,3ICQ_T,76,409,1448,0,18,131,167,949
3IJ2_X,3IJ2_B,32,393,250,0,46,19,162,110
3INB_D,3INB_A,67,267,1110,0,6,26,126,389
3IOZ_A,3IOZ_B,25,189,4,0,1,0,109,16
3KQ4_B,3KQ4_A,63,1330,806,0,130,48,457,385
3KWV_D,3KWV_F,45,1292,336,0,17,9,526,222
3KZ4_H,3KZ4_B,33,886,1530,0,8,7,397,810
3L3O_B,3L3O_M,33,410,93,0,0,5,184,84
3N6R_A,3N6R_B,131,1538,1283,1,424,339,587,502
3NMZ_C,3NMZ_A,95,160,732,0,24,47,85,406
3OC3_A,3OC3_C,128,1197,418,0,51,25,752,178
3OTP_I,3OTP_C,78,1,1057,1,0,71,16,382
3PHF_4,3PHF_3,153,156,1475,1,4,10,108,653
3PXG_F,3PXG_f,63,768,168,2,103,40,438,94
3TNU_A,3TNU_B,127,0,0,28,0,0,90,95
3TUJ_C,3TUJ_A,47,724,313,2,189,70,337,206
3U7U_J,3U7U_D,81,93,1585,0,12,188,51,600
3V89_B,3V89_A,165,844,2565,0,37,350,339,853
3WHL_C,3WHL_D,29,494,80,0,24,14,232,92
4AJ5_I,4AJ5_S,88,9,8,5,0,0,86,107
4ANI_C,4ANI_A,61,1155,192,6,227,48,509,156
4B7Y_A,4B7Y_C,33,0,189,0,0,9,38,115
4BFI_B,4BFI_A,72,505,502,1,36,39,202,191
4BK5_A,4BK5_C,42,1300,280,0,99,11,507,136
4BRU_A,4BRU_B,57,840,0,0,43,0,375,29
4DCN_A,4DCN_C,34,356,175,0,27,4,165,193
4DI3_E,4DI3_C,74,652,446,0,145,110,317,273
4EAH_G,4EAH_E,78,853,438,0,44,34,356,357
4EBA_H,4EBA_C,105,52,780,0,10,67,81,585
4FMB_B,4FMB_A,84,402,781,0,33,0,171,351
4FXG_J,4FXG_B,68,692,1506,0,160,176,242,738
4H1W_A,4H1W_B,67,2234,0,0,16,0,985,31
4HSA_E,4HSA_F,64,193,689,1,10,54,109,271
4HZU_T,4HZU_S,191,227,281,5,33,73,240,164
4IIT_A,4IIT_B,57,485,104,3,79,16,302,63
4IZ5_A,4IZ5_G,53,736,87,0,26,2,347,86
4J7C_B,4J7C_K,28,466,854,2,141,268,217,429
4JCV_C,4JCV_E,57,285,464,5,69,157,191,214
4JHJ_C,4JHJ_A,40,3,314,1,0,6,19,216
4JLQ_A,4JLQ_B,30,1456,0,0,2,0,840,7
4KYI_H,4KYI_G,36,384,1058,0,50,90,164,528
4LL8_A,4LL8_E,51,608,0,0,14,0,428,119
4LQS_A,4LQS_B,65,600,157,0,64,14,372,156
4ODB_B,4ODB_E,49,386,263,0,0,0,162,102
4OWR_A,4OWR_C,59,1005,387,0,17,0,331,176
4PLN_C,4PLN_B,46,542,1066,1,66,111,205,417
4PUF_D,4PUF_B,52,216,1211,0,45,191,112,598
4QPG_C,4QPG_A,225,530,498,5,19,15,246,225
4RG6_A,4RG6_S,50,817,7,0,18,0,474,35
4RWS_A,4RWS_C,83,644,122,0,15,12,438,70
4TQU_M,4TQU_Q,29,338,1134,0,106,197,284,492
4UF5_A,4UF5_B,100,490,50,0,10,0,293,110
4UX3_A,4UX3_B,118,687,48,2,25,1,436,71
4WPX_A,4WPX_B,68,228,13,0,8,0,171,81
4WQO_D,4WQO_A,14,164,296,0,10,22,141,148
4WWX_E,4WWX_Y,127,1109,910,0,25,40,598,333
4WYB_C,4WYB_D,63,850,1,0,29,0,358,38
4XHJ_B,4XHJ_A,257,200,1682,1,4,47,132,729
4YFD_A,4YFD_B,78,1374,733,0,130,40,491,322
4YH7_A,4YH7_B,77,1510,767,0,128,48,585,324
4ZK7_W,4ZK7_E,21,205,268,0,38,59,103,117
5B16_B,5B16_A,32,0,1465,0,0,18,25,722
5B4X_D,5B4X_C,58,1235,1886,0,68,60,479,699
5B58_B,5B58_T,115,614,633,2,195,217,331,265
5BWA_A,5BWA_B,95,852,253,0,84,11,350,121
5D3I_A,5D3I_B,49,1441,467,0,11,0,549,190
5DOQ_A,5DOQ_B,171,784,480,19,181,60,432,330
5EKQ_A,5EKQ_E,44,1819,159,3,492,38,763,90
5F5P_E,5F5P_G,38,0,121,1,0,1,57,180
5FL7_O,5FL7_H,16,53,184,1,8,35,75,113
5FM5_M,5FM5_P,97,263,214,0,42,26,123,98
5HXB_X,5HXB_Z,38,575,894,0,154,173,195,380
5HY3_A,5HY3_B,90,375,130,0,0,20,252,57
5IM5_A,5IM5_N,35,289,507,0,60,137,142,208
5JDO_E,5JDO_A,31,194,392,0,0,0,140,249
5JTV_B,5JTV_A,126,149,1169,0,14,120,76,564
5KL1_A,5KL1_B,34,521,95,0,20,9,328,70
5KS8_A,5KS8_F,59,1029,1115,0,313,303,404,482
5KTB_C,5KTB_B,80,3,168,0,0,0,42,158
5LTW_G,5LTW_F,48,236,337,0,24,15,117,229
5MB9_A,5MB9_D,128,1249,5,1,110,0,505,35
5NLB_A,5NLB_B,55,221,498,0,42,57,154,348
5NXB_B,5NXB_C,55,1975,65,0,160,4,644,80
5SY7_A,5SY7_B,224,499,539,2,79,71,276,276
5T89_X,5T89_V,47,1479,182,0,120,18,596,96
5UK4_N,5UK4_n,43,703,346,0,32,20,418,125
5V6T_B,5V6T_A,48,288,906,0,28,38,161,516
5X5Y_B,5X5Y_F,71,528,560,10,123,129,239,351
5XEQ_A,5XEQ_B,58,1381,747,0,172,77,525,292
