,complex_id,Overlap
0,1A0R_B-1A0R_G,0.185424843428992
0,1A0R_B-1A0R_P,0.063427211792443
0,1AN1_I-1AN1_E,0.075184104191966
0,1AWC_A-1AWC_B,0.118639797912728
0,1B33_E-1B33_N,0.207164773081357
0,1BH9_A-1BH9_B,0.151625629490303
0,1BML_B-1BML_D,0.04372267161183
0,1BOU_B-1BOU_A,0.039664476223681
0,1C9B_N-1C9B_M,0.019627444617769
0,1CCW_C-1CCW_D,0.047480968283533
0,1CI6_A-1CI6_B,0.068291629847408
0,1D2Z_A-1D2Z_B,0.016927585474623
0,1DCE_B-1DCE_A,0.002208804316832
0,1DHK_A-1DHK_B,0.00185838145366
0,1DML_F-1DML_E,0.104700854700855
0,1DOW_B-1DOW_A,0.362625236361584
0,1DP5_A-1DP5_B,0.068023645971507
0,1DS6_A-1DS6_B,0.053202877557024
0,1DX5_N-1DX5_J,0.048922268771405
0,1EAI_B-1EAI_D,0.130407737478032
0,1EEX_L-1EEX_E,0.081720985852816
0,1EEX_L-1EEX_M,0.042192353653032
0,1EGJ_L-1EGJ_A,0.420352117861191
0,1EM8_D-1EM8_C,0.015891614120731
0,1ES7_A-1ES7_B,0.006338279713217
0,1EXB_A-1EXB_E,0.012856125365586
0,1F3U_E-1F3U_F,0.010392318861767
0,1FFT_F-1FFT_G,0.007282269679407
0,1FI8_B-1FI8_E,0.098744547773246
0,1FM0_E-1FM0_D,0.018203449993509
0,1FOE_B-1FOE_A,0.021091695743969
0,1FS0_G-1FS0_E,0.064189874331548
0,1FXK_A-1FXK_C,0.010365359789749
0,1FYH_A-1FYH_B,0.019812581864194
0,1G1X_C-1G1X_A,0.067761084065432
0,1G4U_R-1G4U_S,0.037788849601772
0,1G8K_B-1G8K_A,0.000562305033215
0,1GH6_B-1GH6_A,0.183011300459052
0,1GHQ_B-1GHQ_A,0.004176358374124
0,1GL2_A-1GL2_B,0.211316872427984
0,1GL2_A-1GL2_D,0.092227236908088
0,1GL2_C-1GL2_B,0.169008337768317
0,1GL2_C-1GL2_D,0.330949015523484
0,1GL4_B-1GL4_A,0.098464309489963
0,1GNG_A-1GNG_X,0.023002796023535
0,1GO3_E-1GO3_F,0.126570976810396
0,1GO4_B-1GO4_F,0.003087101852451
0,1GVN_D-1GVN_C,0.003119699180338
0,1GXD_A-1GXD_C,0.002636839341608
0,1GZS_A-1GZS_B,0.089637349471396
0,1H2S_B-1H2S_A,0.016764941837144
0,1H2T_Z-1H2T_C,0.009443077515391
0,1H3O_B-1H3O_A,0.328782712495574
0,1H59_A-1H59_B,0.085843621399177
0,1H9D_C-1H9D_D,0.04191590209829
0,1H9H_E-1H9H_I,0.02309704734964
0,1HBX_G-1HBX_B,0.006296600390556
0,1HFE_S-1HFE_L,0.027841236196159
0,1I1R_A-1I1R_B,0.086146405746757
0,1I4D_D-1I4D_A,0.113778766349759
0,1I7Q_D-1I7Q_C,0.017361370562988
0,1I7W_D-1I7W_C,0.107361055622102
0,1IAR_A-1IAR_B,0.030977960355332
0,1IK9_C-1IK9_A,0.019515374587838
0,1IKN_D-1IKN_A,0.033498695744953
0,1IS8_H-1IS8_S,0.017334928003032
0,1IXR_B-1IXR_C,0.036100841330812
0,1J2J_A-1J2J_B,0.079329562581171
0,1J34_C-1J34_A,0.050177360107351
0,1JB0_A-1JB0_C,0.023325420378529
0,1JB0_A-1JB0_D,0.001019279483225
0,1JB0_A-1JB0_E,0.002630525329774
0,1JB0_A-1JB0_F,0.002737885376532
0,1JB0_D-1JB0_C,0.202292050944225
0,1JB0_D-1JB0_L,0.023123680989843
0,1JB0_E-1JB0_C,0.235335053520813
0,1JB0_J-1JB0_F,0.065743486855966
0,1JMU_I-1JMU_F,0.020262557077626
0,1JNR_A-1JNR_B,0.002054895297798
0,1JQL_A-1JQL_B,0.003900858458884
0,1JR3_E-1JR3_B,0.003294767559531
0,1JSU_A-1JSU_B,0.008673504552243
0,1JSU_A-1JSU_C,0.084376258994505
0,1K8K_A-1K8K_D,0.001272410268671
0,1K8K_A-1K8K_E,0.002745047155343
0,1K8K_A-1K8K_F,0.001905374742882
0,1K8K_C-1K8K_F,0.22447425146909
0,1K8K_C-1K8K_G,0.155765795059784
0,1K8K_D-1K8K_F,0.011314195384125
0,1K8K_G-1K8K_F,0.009909366142225
0,1KA9_H-1KA9_F,0.019965714634192
0,1KF6_C-1KF6_D,0.018469270485936
0,1KF6_D-1KF6_B,0.008760705928462
0,1KF6_M-1KF6_N,0.012377964382183
0,1KF6_O-1KF6_N,0.003508059890977
0,1KKM_I-1KKM_A,0.083249134437608
0,1KMI_Y-1KMI_Z,0.132954822137638
0,1KQF_A-1KQF_B,0.008469753241508
0,1KQF_C-1KQF_B,0.003136811249496
0,1KXP_A-1KXP_D,0.006751262109428
0,1L0O_C-1L0O_B,0.31026660339257
0,1L1O_C-1L1O_B,0.006724234167181
0,1L1O_D-1L1O_E,0.042821662658229
0,1LDJ_A-1LDJ_B,0.002499963423527
0,1LDK_A-1LDK_D,0.010546958038165
0,1LQB_C-1LQB_B,0.012857747082129
0,1LQV_C-1LQV_A,0.168250643799438
0,1LRW_A-1LRW_B,0.006217536230362
0,1LTS_C-1LTS_E,0.094850948509485
0,1M1E_A-1M1E_B,0.13653332745861
0,1M56_B-1M56_I,0.003569996393678
0,1M56_C-1M56_D,0.008728010461173
0,1MIU_A-1MIU_B,0.013709287292397
0,1MNM_C-1MNM_B,0.057158929655266
0,1MQS_A-1MQS_B,0.004435354708319
0,1N2D_C-1N2D_A,0.294329061028472
0,1N6J_A-1N6J_G,0.065649255857011
0,1NBW_B-1NBW_A,0.005429357893979
0,1NF3_B-1NF3_D,0.024979793456086
0,1NH2_A-1NH2_C,0.033041964449331
0,1NH2_A-1NH2_D,0.014384985245757
0,1NH2_D-1NH2_C,0.032102764423077
0,1NPE_B-1NPE_A,0.057063337145057
0,1NU7_F-1NU7_H,0.032742540715362
0,1O6O_C-1O6O_E,0.098278257614106
0,1OF5_A-1OF5_B,0.031140471976794
0,1OFH_A-1OFH_G,0.026135902169982
0,1OGY_O-1OGY_P,0.019856799023723
0,1OQE_I-1OQE_Q,0.016942474389283
0,1OR7_F-1OR7_B,0.046046898319098
0,1ORY_B-1ORY_A,0.106210597776228
0,1OTC_A-1OTC_B,0.000611142725405
0,1OW3_B-1OW3_A,0.028145369547786
0,1P3Q_V-1P3Q_R,0.167287461710065
0,1P9M_A-1P9M_C,0.412606290102812
0,1P9M_C-1P9M_B,0.079946336464158
0,1PBY_C-1PBY_A,0.021837715765199
0,1PG5_A-1PG5_B,0.09109758097373
0,1PRT_B-1PRT_D,0
0,1PRT_B-1PRT_F,0.00969387755102
0,1PRT_E-1PRT_F,0
0,1PRT_G-1PRT_K,0.003545689004873
0,1PRT_G-1PRT_L,0.001258371834076
0,1PXV_B-1PXV_D,0.01756863636717
0,1Q90_D-1Q90_C,0.043351271643256
0,1Q90_R-1Q90_A,0.132280304784243
0,1QGK_B-1QGK_A,0.013871051147083
0,1QS0_A-1QS0_B,0.063112571650567
0,1QZ7_A-1QZ7_B,0.137803786443458
0,1R0R_I-1R0R_E,0.064377975569573
0,1R4A_A-1R4A_E,0.183808370964953
0,1R5I_A-1R5I_D,0.009823774093319
0,1R6O_B-1R6O_D,0.095133497303384
0,1RH5_A-1RH5_C,0.092236110854674
0,1RLB_E-1RLB_B,0.013636144112818
0,1RP3_F-1RP3_E,0.134915875046894
0,1S64_F-1S64_E,0.006020555771473
0,1S6V_B-1S6V_C,0.003160155122895
0,1S70_A-1S70_B,0.004989327438482
0,1SBW_A-1SBW_I,0.027469052985582
0,1SKR_B-1SKR_A,0.014914422659891
0,1SQ2_L-1SQ2_N,0.009877175135423
0,1SR4_B-1SR4_A,0.004403289011784
0,1SXJ_B-1SXJ_G,0.003002802222338
0,1T0F_A-1T0F_C,0.01164670537053
0,1T0P_A-1T0P_B,0.177733030579863
0,1T6G_D-1T6G_B,0.010722845720753
0,1TAF_A-1TAF_B,0.190729750233427
0,1TBR_S-1TBR_K,0.06249266880514
0,1TH8_B-1TH8_A,0.148669516551704
0,1TII_C-1TII_E,0.224747474747475
0,1TTW_A-1TTW_B,0.321135279652765
0,1U2G_B-1U2G_C,0.029484977938748
0,1U35_C-1U35_F,0.04953567744426
0,1UB4_A-1UB4_C,0.023323462503703
0,1UF2_K-1UF2_A,0
0,1UNL_A-1UNL_D,0.040183258603917
0,1UW4_D-1UW4_C,0.007812870463373
0,1VG9_B-1VG9_A,0.005642008582762
0,1W85_C-1W85_D,0.113975885734505
0,1W85_I-1W85_B,0.024096533200175
0,1WA5_A-1WA5_C,0.005099458998989
0,1WDD_E-1WDD_W,0.005578013132159
0,1WTH_A-1WTH_D,0.002435716233443
0,1WUI_L-1WUI_S,0.003393643495289
0,1WVE_A-1WVE_C,0.002044309600863
0,1WWW_V-1WWW_Y,0.161885331355342
0,1WYW_A-1WYW_B,0.009315074171654
0,1X3Z_B-1X3Z_A,0.003915462051984
0,1XDT_R-1XDT_T,0.010146525890344
0,1XF6_C-1XF6_A,0.036963328308477
0,1XKP_C-1XKP_A,0.012300628581857
0,1XOU_A-1XOU_B,0.006613756613757
0,1XRS_B-1XRS_A,0.006819995602493
0,1XU2_A-1XU2_R,0.019100902011397
0,1Y56_B-1Y56_A,0.004337594175215
0,1Y96_A-1Y96_B,0.317314821044273
0,1YA5_B-1YA5_T,0.130491394807884
0,1YAR_C-1YAR_S,0.007471185563856
0,1YC0_A-1YC0_I,0.086353660172299
0,1YFN_E-1YFN_A,0.024664542909547
0,1YHN_A-1YHN_B,0.212322567315116
0,1YKH_A-1YKH_B,0.018726373945915
0,1YTZ_I-1YTZ_C,0.082219559081468
0,1Z0J_A-1Z0J_B,0.203790661046681
0,1Z2C_A-1Z2C_B,0.053921119159409
0,1ZAV_A-1ZAV_V,0.08145657205111
0,1ZBD_A-1ZBD_B,0.066426251876893
0,1ZOQ_C-1ZOQ_A,0.022145222832756
0,1ZQ1_A-1ZQ1_C,0.003100209005037
0,1ZR0_B-1ZR0_A,0.111899020313376
0,1ZT2_A-1ZT2_B,0.001403949767178
0,1ZUN_B-1ZUN_A,0.03892732388168
0,2A1J_A-2A1J_B,0.320448919144579
0,2A40_A-2A40_B,0.003669165210481
0,2A40_D-2A40_F,0.053433120656759
0,2A5Y_A-2A5Y_B,0.005594993001805
0,2A6Q_C-2A6Q_F,0.08001475577861
0,2AQ2_B-2AQ2_A,0.014545045597677
0,2ARP_A-2ARP_F,0.0255476441717
0,2AS5_F-2AS5_N,0.009382241335835
0,2AST_C-2AST_B,0.018801397022287
0,2AUH_B-2AUH_A,0.062652506178677
0,2AVU_B-2AVU_E,0.034601680979353
0,2AW2_B-2AW2_A,0.283109284332689
0,2AZE_C-2AZE_B,0.232087366899955
0,2B1X_A-2B1X_B,0.008942688156678
0,2B3T_B-2B3T_A,0.016630602385882
0,2B4J_A-2B4J_D,0.215296337048584
0,2B5L_A-2B5L_C,0.000944417862886
0,2B9S_A-2B9S_B,0.151152455346301
0,2BA1_E-2BA1_B,0.04586489761135
0,2BEC_B-2BEC_A,0.031996917161711
0,2BH1_X-2BH1_A,0.013844823643743
0,2BKR_B-2BKR_A,0.026782649169646
0,2BO9_A-2BO9_B,0.06220447096078
0,2BQ1_I-2BQ1_E,0.002419509786558
0,2BRQ_A-2BRQ_C,0.159662228846192
0,2BS2_C-2BS2_B,0.002130396875837
0,2BTV_H-2BTV_B,0.004080923851697
0,2C1M_A-2C1M_B,0.064149431592244
0,2C4F_L-2C4F_U,0.137463245121625
0,2C7M_B-2C7M_A,0.261316888959359
0,2CG5_B-2CG5_A,0.002627949905925
0,2CLY_A-2CLY_C,0.055599393574077
0,2CLY_C-2CLY_B,0.023475690975691
0,2CLY_D-2CLY_E,0.015938487124928
0,2CZV_A-2CZV_C,0.024335953607326
0,2D1K_A-2D1K_C,0.016588861855794
0,2D1P_D-2D1P_F,0.035270148806552
0,2D7C_A-2D7C_C,0.083909731103184
0,2DOQ_D-2DOQ_B,0.295463417777171
0,2DZO_D-2DZO_C,0.220535639194873
0,2E31_A-2E31_B,0.008286689746923
0,2EHB_D-2EHB_A,0.106718653818991
0,2EQ7_C-2EQ7_B,0.032503617297289
0,2EQB_A-2EQB_B,0.195677200965748
0,2ES4_B-2ES4_E,0.003574478407073
0,2EX3_A-2EX3_B,0.014069155034472
0,2F2C_B-2F2C_A,0.01798098422607
0,2F3C_I-2F3C_E,0.082743777641488
0,2F4M_B-2F4M_A,0.010063484814722
0,2F8X_C-2F8X_M,0.036264839027809
0,2F8X_K-2F8X_C,0.104787712936834
0,2F8X_K-2F8X_M,0.134013366258374
0,2F91_A-2F91_B,0.026858491013421
0,2F9I_B-2F9I_A,0.212501696892299
0,2FD6_U-2FD6_A,0.055295750769901
0,2FD6_U-2FD6_H,0.010261811031748
0,2FDB_M-2FDB_P,0.158015314030861
0,2FH5_A-2FH5_B,0.048178457519694
0,2FHZ_A-2FHZ_B,0.026366346565677
0,2FM8_A-2FM8_C,0.009129676293855
0,2FMM_C-2FMM_E,0.008018912116961
0,2FTK_E-2FTK_A,0.166004603230147
0,2FU5_D-2FU5_A,0.077165929386344
0,2FYU_A-2FYU_G,0.045358986908652
0,2FYU_A-2FYU_K,0.03437162601432
0,2FYU_C-2FYU_A,0.000848458122736
0,2FYU_C-2FYU_D,0.017020791058971
0,2FYU_C-2FYU_E,0.002074759755874
0,2FYU_C-2FYU_F,0.002940240760382
0,2FYU_C-2FYU_G,0.014633853426735
0,2FYU_D-2FYU_G,0.005573499858724
0,2FYU_D-2FYU_H,0.008493847428087
0,2FYU_D-2FYU_J,0.006001839047163
0,2FYU_F-2FYU_G,0.015584564634282
0,2FYU_I-2FYU_A,0.042562515788578
0,2FYU_J-2FYU_K,0.025225159014378
0,2G48_D-2G48_B,0.001724187476652
0,2G77_B-2G77_A,0.009286237363171
0,2GAF_A-2GAF_D,0.001199962375918
0,2GAG_A-2GAG_C,0.002326119414928
0,2GAG_A-2GAG_D,0.00286644078388
0,2GAG_B-2GAG_D,0.015567797753811
0,2GAG_D-2GAG_C,0.039940119976742
0,2GH0_C-2GH0_A,0.022454044117647
0,2GWW_A-2GWW_B,0.104979940207213
0,2H1L_Q-2H1L_E,0.002744199333941
0,2H32_B-2H32_A,0.482337339699303
0,2H9E_H-2H9E_C,0.177217409188085
0,2HSN_B-2HSN_A,0.020764941077441
0,2HTM_G-2HTM_C,0.036963168323608
0,2HVY_D-2HVY_C,0.029478310914508
0,2HYI_A-2HYI_D,0.015395330963589
0,2HYI_C-2HYI_D,0.109150553998423
0,2HYI_H-2HYI_G,0.18219954705514
0,2HYI_I-2HYI_G,0.067847074549686
0,2HZM_A-2HZM_B,0.002536692243365
0,2I2X_J-2I2X_I,0.01763819674619
0,2I3T_C-2I3T_D,0.095955262473866
0,2IJ0_B-2IJ0_C,0.026831478974266
0,2IVF_A-2IVF_B,0.034803256350062
0,2IVF_C-2IVF_B,0.004371937766072
0,2IZO_C-2IZO_A,0.002831272484113
0,2IZV_A-2IZV_C,0.009551611664947
0,2J12_B-2J12_A,0.470431486308473
0,2J3T_A-2J3T_C,0.006062116775482
0,2J3W_D-2J3W_C,0.005406042504831
0,2J56_A-2J56_H,0.008343585077343
0,2J56_A-2J56_L,0.047483121721154
0,2J56_L-2J56_H,0.081500776153271
0,2J7A_B-2J7A_C,0.017487596697917
0,2JF1_A-2JF1_T,0.214963592583873
0,2NN6_F-2NN6_I,0.072176890990398
0,2NN6_I-2NN6_G,0.168356280818275
0,2NPS_A-2NPS_D,0.099427022841657
0,2NPS_C-2NPS_D,0.257215355843388
0,2NS1_B-2NS1_A,0.010138593018856
0,2NUD_A-2NUD_C,0.00829240981639
0,2NUT_A-2NUT_C,0.001173622703892
0,2NV2_L-2NV2_K,0.015372958479426
0,2NYZ_E-2NYZ_B,0.002205341827983
0,2O8G_A-2O8G_I,0.044019358731749
0,2O98_A-2O98_P,0.029987692628406
0,2OCF_D-2OCF_A,0.011332982370634
0,2ODY_E-2ODY_B,0.083654235284825
0,2OI9_A-2OI9_B,0.122447939991043
0,2OM2_A-2OM2_B,0.021581720294956
0,2OMY_B-2OMY_A,0.020702086593521
0,2OT3_B-2OT3_A,0.070144690695619
0,2OXG_Z-2OXG_Y,0.015063418867767
0,2OZ4_A-2OZ4_H,0.264498107019498
0,2OZB_D-2OZB_E,0.014827071948998
0,2P1L_E-2P1L_F,0.072354122265169
0,2P22_A-2P22_C,0.00223091883202
0,2P22_A-2P22_D,0.016088669802801
0,2P22_B-2P22_A,0.007287888741693
0,2P22_C-2P22_D,0.007139554527849
0,2P58_A-2P58_C,0.031437007874016
0,2P58_B-2P58_C,0.076259763628185
0,2P5T_E-2P5T_F,0.103151430905399
0,2P8Q_A-2P8Q_B,0.014867010480557
0,2PBD_A-2PBD_P,0.004671786471015
0,2PBD_A-2PBD_V,0.010563510808435
0,2PBD_P-2PBD_V,0.02765166092425
0,2PF4_H-2PF4_D,0.035404188262714
0,2PJW_H-2PJW_V,0.05226388128687
0,2PK9_A-2PK9_B,0.024764208194187
0,2PMS_A-2PMS_C,0.012873457642808
0,2PMZ_A-2PMZ_H,0.031721568480902
0,2PMZ_A-2PMZ_L,0.001167594432972
0,2PMZ_B-2PMZ_N,0.004711660918555
0,2PMZ_B-2PMZ_P,0.008208663142602
0,2PMZ_E-2PMZ_K,0.228667878608026
0,2PMZ_H-2PMZ_K,0.016890134312174
0,2PMZ_K-2PMZ_C,0.009768244596464
0,2PMZ_Q-2PMZ_W,0.007799271129622
0,2PMZ_T-2PMZ_G,0.003265168392812
0,2PMZ_V-2PMZ_G,0.017514481284864
0,2PNR_G-2PNR_E,0.006964884240792
0,2PQN_B-2PQN_A,0.018647380766224
0,2PSM_C-2PSM_B,0.151175280607683
0,2PT7_D-2PT7_H,0.105044330260051
0,2PU9_B-2PU9_A,0.050549721220807
0,2PU9_C-2PU9_A,0.142433280253574
0,2PW8_H-2PW8_I,0.122062843512985
0,2Q0O_A-2Q0O_C,0.038985303910285
0,2Q1Z_A-2Q1Z_B,0.020807229915952
0,2Q2E_B-2Q2E_A,0.013821340793132
0,2Q7N_A-2Q7N_B,0.115742632850242
0,2Q86_D-2Q86_C,0.430855259658698
0,2QCS_B-2QCS_A,0.002009477044416
0,2QFA_A-2QFA_B,0.008549696360878
0,2QFA_A-2QFA_C,0.056833905644465
0,2QFA_C-2QFA_B,0.049862344813257
0,2QIY_C-2QIY_A,0.095861459254251
0,2QKH_A-2QKH_B,0.354456339050384
0,2QKL_B-2QKL_A,0.163352594566138
0,2QLV_F-2QLV_E,0.015779847429456
0,2QSF_X-2QSF_A,0.004905665135539
0,2QTV_B-2QTV_A,0.007808314155197
0,2QTV_B-2QTV_D,0.068914970653023
0,2QWO_A-2QWO_B,0.02540939644592
0,2R17_C-2R17_A,0.005895564831858
0,2R6A_B-2R6A_C,0.066550914020709
0,2RDD_A-2RDD_B,0.002837490922704
0,2RF4_A-2RF4_B,0.086256795627757
0,2UZX_B-2UZX_A,0.013996845607845
0,2V3B_B-2V3B_A,0.072804554479796
0,2V51_D-2V51_E,0.041041929358892
0,2V53_A-2V53_D,0.011658761345723
0,2V5P_B-2V5P_C,0.033630683166856
0,2V6X_A-2V6X_B,0.044621394230769
0,2VCP_B-2VCP_E,0.015062193590211
0,2VE7_D-2VE7_B,0.004985794491591
0,2VPG_A-2VPG_B,0.135587193693951
0,2VPZ_A-2VPZ_B,0.003201546824169
0,2VPZ_F-2VPZ_G,0.025985421344823
0,2VSM_A-2VSM_B,0.005774588957831
0,2VSO_A-2VSO_E,0.023100663344861
0,2W19_B-2W19_D,0.041939266785868
0,2WAX_A-2WAX_B,0.057709354520949
0,2WBL_C-2WBL_A,0.052780541441996
0,2WDQ_C-2WDQ_B,0.004185147277677
0,2WDQ_E-2WDQ_F,0.011811318589796
0,2WG3_A-2WG3_C,0.024937730142976
0,2WIU_D-2WIU_C,0.029032509892117
0,2WJN_L-2WJN_C,0.002679612611347
0,2WJN_L-2WJN_H,0.000614510720863
0,2WJV_E-2WJV_B,0.011598268525202
0,2WM9_B-2WM9_A,0.030506892887883
0,2WP0_D-2WP0_B,0.031446892294594
0,2WT7_A-2WT7_B,0.054368955808545
0,2WTK_E-2WTK_D,0.0354204512956
0,2WWX_A-2WWX_B,0.113904313221931
0,2WZP_H-2WZP_P,0.000392863186906
0,2WZP_Q-2WZP_R,9.51972963967838E-06
0,2X19_A-2X19_B,0.006620977555435
0,2XKO_B-2XKO_C,0.022689486228228
0,2XPI_B-2XPI_A,0.039191620692616
0,2XPP_A-2XPP_B,0.200805222875771
0,2XTS_B-2XTS_A,0.000870819934097
0,2XZE_A-2XZE_Q,0.013408869967484
0,2Y0M_A-2Y0M_B,0.047862724023888
0,2Y0N_A-2Y0N_E,0.067890793945011
0,2Y3A_B-2Y3A_A,0.001544243863347
0,2Y3N_C-2Y3N_D,0.273695175817232
0,2Y69_A-2Y69_B,0.002199416623182
0,2Y69_A-2Y69_D,0.002140824780419
0,2Y69_A-2Y69_M,0.005863477859402
0,2Y69_A-2Y69_T,0.003963368636734
0,2Y69_B-2Y69_D,0.012321332235233
0,2Y69_B-2Y69_E,0.093824507945311
0,2Y69_B-2Y69_I,0.030680462129988
0,2Y69_C-2Y69_G,0.006543941168804
0,2Y69_E-2Y69_D,0.034349376747713
0,2Y69_E-2Y69_I,0.039655916997538
0,2Y69_M-2Y69_L,0.216739184217886
0,2Y69_N-2Y69_P,0.023009757191948
0,2Y69_N-2Y69_S,0.012046369434853
0,2Y69_N-2Y69_Y,0.022800744816408
0,2Y69_O-2Y69_U,0.026631713895875
0,2Y69_P-2Y69_S,0.004784306634642
0,2Y69_Q-2Y69_X,0.039842589334585
0,2Y9M_A-2Y9M_B,0.069177460513782
0,2Y9Y_A-2Y9Y_B,0.001112653772734
0,2YFV_A-2YFV_C,0.051761330510295
0,2YFV_C-2YFV_B,0.052422159001106
0,2YIN_D-2YIN_B,0.026883333184094
0,2YJN_B-2YJN_A,0.002026433680289
0,2YNM_A-2YNM_D,0.008183169782663
0,2YNM_B-2YNM_C,0.01912936509582
0,2YPA_A-2YPA_C,0.068692555459783
0,2YPA_C-2YPA_D,0.023691277857945
0,2Z0D_B-2Z0D_A,0.003639023503793
0,2Z5K_B-2Z5K_A,0.009894878376727
0,2Z7F_E-2Z7F_I,0.071720238095238
0,2ZET_A-2ZET_C,0.060563334078516
0,2ZFD_B-2ZFD_A,0.130996328445495
0,2ZME_D-2ZME_B,0.020957133013422
0,2ZON_A-2ZON_G,0.007735406190748
0,2ZP8_B-2ZP8_G,0.19237131452486
0,2ZUP_A-2ZUP_B,0.009836032008736
0,2ZXE_A-2ZXE_G,0.004731747593869
0,2ZXE_B-2ZXE_A,0.000380123545561
0,2ZXE_B-2ZXE_G,0.005429382583793
0,2ZXX_E-2ZXX_F,0.01737139035057
0,2ZZD_J-2ZZD_L,0.022951659952231
0,3A1J_B-3A1J_A,0.003518484369864
0,3A1J_C-3A1J_A,0.017968395350255
0,3A1J_C-3A1J_B,0.008477154327228
0,3A2F_A-3A2F_B,0.000566533389629
0,3A4U_A-3A4U_B,0.012948598039152
0,3A5Z_C-3A5Z_D,0.003895378998653
0,3AB0_D-3AB0_E,0.007366277814827
0,3ABQ_D-3ABQ_C,0.001716542509195
0,3AJB_B-3AJB_A,0.28739172699701
0,3ALZ_A-3ALZ_B,0.031141714088934
0,3AOH_H-3AOH_Z,0.000893554005283
0,3AU4_B-3AU4_A,0.030806370735317
0,3AWU_A-3AWU_B,0.045631894899258
0,3AYH_A-3AYH_B,0.011008323253374
0,3B08_G-3B08_H,0.193330290696826
0,3B0D_C-3B0D_B,0.067505783034841
0,3BES_L-3BES_R,0.032761632653061
0,3BG1_A-3BG1_B,0.102236359837894
0,3BG4_C-3BG4_D,0.132739437610699
0,3BH7_A-3BH7_B,0.049249710456258
0,3BK3_A-3BK3_C,0.008291105485855
0,3BOW_C-3BOW_B,0.302254014671794
0,3BPO_B-3BPO_C,0.416036965992096
0,3BRV_C-3BRV_B,0.117091910103127
0,3BTP_A-3BTP_B,0.028943701833065
0,3BY4_B-3BY4_A,0.049722363680945
0,3C0T_A-3C0T_B,0.072459640067172
0,3CF4_G-3CF4_A,0.003304754708394
0,3CH5_A-3CH5_B,0.041724830461918
0,3CI0_I-3CI0_J,0.1073202195428
0,3CI0_K-3CI0_J,0.00400872914116
0,3CL3_A-3CL3_D,0.062848057701246
0,3CPT_B-3CPT_A,0.023395486148505
0,3CQC_B-3CQC_A,0.019063890763395
0,3CR3_B-3CR3_D,0.016547892402593
0,3CUE_L-3CUE_G,0.115388549988529
0,3CX8_A-3CX8_B,0.011221840197849
0,3D6N_B-3D6N_A,0.010209205214734
0,3DBO_B-3DBO_A,0.064458977454301
0,3DCG_E-3DCG_D,0.167382741340079
0,3DDC_A-3DDC_B,0.234509442522733
0,3DGP_A-3DGP_B,0.035978436399194
0,3DIN_A-3DIN_C,0.00251158974005
0,3DIN_A-3DIN_E,0.017861940838866
0,3DOE_A-3DOE_B,0.11165492545993
0,3DWG_A-3DWG_C,0.012608478888581
0,3E0J_A-3E0J_B,0.012679066788448
0,3E5A_A-3E5A_B,0.050890409910117
0,3EAB_A-3EAB_G,0.127285694284014
0,3EGG_A-3EGG_C,0.020290661719233
0,3EGW_C-3EGW_B,0.008294025146005
0,3ENO_B-3ENO_F,0.010694674404133
0,3EUH_A-3EUH_C,0.001534284373058
0,3EUJ_B-3EUJ_A,0.009744984557754
0,3F1S_B-3F1S_A,0.000412999899521
0,3F3F_B-3F3F_D,0.100897189900421
0,3F62_B-3F62_A,0.001095334685598
0,3F8U_C-3F8U_D,0.00737838161334
0,3FBI_B-3FBI_A,0.061829282260434
0,3FIE_C-3FIE_A,0.030193749781379
0,3FJU_A-3FJU_B,0.048201645553089
0,3FWB_B-3FWB_A,0.079763992689058
0,3G5O_D-3G5O_C,0.048591477184281
0,3G9V_C-3G9V_D,0.064111888111888
0,3G9W_D-3G9W_A,0.102943707904998
0,3GCG_A-3GCG_B,0.177683720170251
0,3GE3_A-3GE3_C,0.009686384133645
0,3GLI_A-3GLI_B,0.001147140265772
0,3GLI_F-3GLI_J,0.00110610267285
0,3GQI_B-3GQI_A,0.025384211872377
0,3GYX_E-3GYX_F,0.003283455529515
0,3GZ2_P-3GZ2_B,0.155551415797317
0,3H0G_B-3H0G_J,0.005166457207622
0,3H0G_B-3H0G_L,0.004044415546392
0,3H0G_N-3H0G_U,0.001902938141374
0,3H4S_A-3H4S_E,0.008248264115453
0,3H7H_B-3H7H_A,0.03458105973717
0,3HD7_F-3HD7_E,0.010595257386701
0,3HD7_F-3HD7_G,0.009469870630012
0,3HGK_B-3HGK_E,0.092269181511235
0,3HHZ_A-3HHZ_K,0.001029637055167
0,3HI2_B-3HI2_A,0.052595321257314
0,3HJY_A-3HJY_B,0.02003574652565
0,3HMX_B-3HMX_A,0.058004836844769
0,3HRD_D-3HRD_A,0.071749855027971
0,3HRD_H-3HRD_F,0.040619737229465
0,3HRD_H-3HRD_G,0.049835288935508
0,3HTK_B-3HTK_C,0.010242935371516
0,3HUG_I-3HUG_J,0.232916979577431
0,3HZH_A-3HZH_B,0.248481512445402
0,3IAB_A-3IAB_B,0.00800941345406
0,3IAX_B-3IAX_A,0.028112660133148
0,3ICQ_B-3ICQ_T,0.007788498026171
0,3IEC_B-3IEC_F,0.009511062972385
0,3IHP_C-3IHP_A,0.010732804856946
0,3IHQ_B-3IHQ_A,0.042796874334837
0,3IJ2_X-3IJ2_B,0.068140632062201
0,3IKO_H-3IKO_I,0.01647611702704
0,3IM4_A-3IM4_C,0.040303893637227
0,3IMA_A-3IMA_B,0.025799817779262
0,3INB_D-3INB_A,0.350932708077254
0,3IOZ_A-3IOZ_B,0.040264423076923
0,3ISM_A-3ISM_C,0.003698015236619
0,3JQO_l-3JQO_k,0.005735536995007
0,3K51_B-3K51_A,0.036717055104337
0,3K6G_E-3K6G_B,0.075846833578792
0,3K7V_C-3K7V_A,0.001777015112278
0,3K8P_D-3K8P_C,0.013277768141023
0,3KBU_D-3KBU_A,0.070719958669262
0,3KF6_A-3KF6_B,0.115224570363935
0,3KFD_A-3KFD_J,0.007945365646259
0,3KFD_B-3KFD_F,0.004747262267959
0,3KFD_K-3KFD_G,0.049967784576758
0,3KFU_B-3KFU_I,0.004283573661043
0,3KFU_H-3KFU_I,0.001876625845578
0,3KFU_H-3KFU_J,0.003894240465495
0,3KMU_B-3KMU_A,0.028782755672435
0,3KND_A-3KND_B,0.047312819088488
0,3KP1_A-3KP1_E,0.025415587859714
0,3KQ4_B-3KQ4_A,0.010010337523751
0,3KSE_D-3KSE_A,0.283226686484027
0,3KWV_D-3KWV_F,5.96809367935917E-05
0,3KXE_C-3KXE_A,0.07186788703313
0,3KYI_B-3KYI_A,0.210586098732055
0,3KYS_B-3KYS_A,0.049411485488107
0,3KZ4_H-3KZ4_B,0.00363369006526
0,3L2O_B-3L2O_A,0.050035310577538
0,3L3O_B-3L3O_M,0.355821712453758
0,3L75_E-3L75_D,0.004821200045108
0,3L75_E-3L75_J,0.03639141731688
0,3L75_Q-3L75_S,0.005886589392422
0,3L75_R-3L75_T,0.101130548949197
0,3L82_A-3L82_B,0.007710538995455
0,3LCB_C-3LCB_B,0.002406922670205
0,3LK2_A-3LK2_T,0.032434997572066
0,3LK2_B-3LK2_A,0.013224667914464
0,3LK2_B-3LK2_T,0.146873478344973
0,3LPE_A-3LPE_B,0.501907616075018
0,3LQC_A-3LQC_B,0.252307272163898
0,3LQV_B-3LQV_Q,0.036615938317262
0,3LVK_A-3LVK_B,0.018656835239563
0,3M0D_D-3M0D_C,0.095837422630498
0,3M1C_B-3M1C_A,0.002821838712154
0,3M4W_E-3M4W_A,0.061032510854601
0,3M91_A-3M91_B,0.38724911218605
0,3M9S_3-3M9S_F,0.003838621682531
0,3MDY_B-3MDY_A,0.012299337141843
0,3ME0_A-3ME0_B,0.001637930016925
0,3MHS_A-3MHS_B,0.063968862526657
0,3MHS_A-3MHS_C,0.045850289140119
0,3MHS_A-3MHS_E,0.033804079968508
0,3MHS_C-3MHS_B,0.113945335537166
0,3MHS_D-3MHS_A,0.027775106365959
0,3MHS_E-3MHS_B,0.044412351347283
0,3MJH_C-3MJH_D,0.057837023661472
0,3MK7_D-3MK7_E,0.016417913991526
0,3MK7_E-3MK7_F,0.027014304088215
0,3MK7_G-3MK7_I,0.007314470719782
0,3MML_A-3MML_B,0.014383803857803
0,3MMY_C-3MMY_D,0.181136464175122
0,3MN5_A-3MN5_S,0.018150708034251
0,3MSX_A-3MSX_B,0.024073963712529
0,3MXN_A-3MXN_B,0.006031506621532
0,3MZK_D-3MZK_C,0.08298483275246
0,3N3A_B-3N3A_C,0.006800940207218
0,3N3K_B-3N3K_A,0.013151719221798
0,3N6R_A-3N6R_B,0.009416355816756
0,3N9N_C-3N9N_A,0.020032509691259
0,3N9U_C-3N9U_B,0.054381968320846
0,3NCE_A-3NCE_B,0.050510790459324
0,3NFG_C-3NFG_D,0.038226535659163
0,3NMU_C-3NMU_B,0.005911128116791
0,3NMU_F-3NMU_A,0.00366747819609
0,3NMZ_C-3NMZ_A,0.011243918359741
0,3NY7_B-3NY7_A,0.096932343465471
0,3NYB_B-3NYB_A,0.042213499250247
0,3O4O_A-3O4O_B,0.420396448740636
0,3O4O_C-3O4O_A,0.05858316505513
0,3O4O_C-3O4O_B,0.27355793967183
0,3O65_F-3O65_E,0.063468456114047
0,3O6Q_A-3O6Q_D,0.070292591569187
0,3OAK_A-3OAK_D,0.27947182983721
0,3OC3_A-3OC3_C,0.001113548355872
0,3OHM_B-3OHM_A,0.000426822854465
0,3OIQ_B-3OIQ_A,0.065044949762031
0,3OJY_A-3OJY_C,0.001493605236112
0,3OLM_A-3OLM_D,0.003974877057975
0,3OQ3_B-3OQ3_A,0.150278345096214
0,3OR1_A-3OR1_C,0.017134699591596
0,3OR1_B-3OR1_C,0.020452256717945
0,3OTP_I-3OTP_C,0.002693895731214
0,3OVU_C-3OVU_A,0.081026627517623
0,3OVU_C-3OVU_B,0.09983590815124
0,3P5J_A-3P5J_B,0.00139150143589
0,3P5J_A-3P5J_C,0.008232117133865
0,3P5J_C-3P5J_B,0.007954303967482
0,3P71_C-3P71_T,0.001313491980075
0,3P8C_D-3P8C_F,0.002450243199769
0,3P8C_F-3P8C_B,0.001894537912387
0,3PCR_B-3PCR_A,0.123550783071956
0,3PEV_A-3PEV_B,0.063996299826354
0,3PHF_4-3PHF_3,0.002659323057268
0,3PIN_A-3PIN_B,0.079540025445288
0,3PNL_A-3PNL_B,0.121371684816094
0,3PNR_A-3PNR_B,0.013410680956798
0,3PVL_A-3PVL_B,0.00541656326902
0,3PXG_F-3PXG_f,0.082998104868783
0,3PZD_B-3PZD_A,0.031335362547235
0,3Q33_B-3Q33_A,0.001844987702917
0,3Q3J_B-3Q3J_A,0.159439922758094
0,3Q87_A-3Q87_B,0.147952020660781
0,3QBT_C-3QBT_D,0.09526034765964
0,3QDR_B-3QDR_A,0.138673255089299
0,3QKS_C-3QKS_A,0.035959812133512
0,3QN1_B-3QN1_A,0.003367261039259
0,3QVG_B-3QVG_A,0.541212096945291
0,3QWZ_A-3QWZ_B,0.007389443162686
0,3R07_A-3R07_C,0.23790266331874
0,3R2D_J-3R2D_A,0.015285956407603
0,3R45_A-3R45_C,0.015881737192763
0,3R84_V-3R84_U,0.172726294957839
0,3RFZ_D-3RFZ_E,0.005651388979894
0,3RFZ_F-3RFZ_E,0.024396288761266
0,3RGB_A-3RGB_C,0.002285641784182
0,3RGB_B-3RGB_C,0.002669649971284
0,3RGB_J-3RGB_I,0.005069536023716
0,3RKO_F-3RKO_E,0.015195407583708
0,3RLF_F-3RLF_E,0.003272350224118
0,3RLF_G-3RLF_E,0.004790700403064
0,3RNQ_A-3RNQ_B,0.402691246901551
0,3RZO_B-3RZO_K,0.000892696797304
0,3RZO_C-3RZO_J,0.171136214090678
0,3RZO_C-3RZO_K,0.128385394666441
0,3RZO_C-3RZO_L,0.005364094828076
0,3S8G_A-3S8G_B,0.015813755192643
0,3S8G_A-3S8G_C,0.026574737272481
0,3S8G_B-3S8G_C,0.063087781825637
0,3S9D_A-3S9D_B,0.036114904560205
0,3SBT_B-3SBT_A,0.01455533596838
0,3SGJ_A-3SGJ_C,0.430694846000854
0,3SJA_A-3SJA_D,0.019341885987536
0,3SJL_B-3SJL_F,0.008179510491098
0,3SJL_E-3SJL_B,0.067926602729058
0,3SQG_B-3SQG_D,0.000650244818656
0,3SQG_C-3SQG_A,0.000701575752055
0,3SQG_C-3SQG_B,0.017773114043755
0,3T12_A-3T12_C,0.026010987171621
0,3T5V_B-3T5V_C,0.001838306151021
0,3T6G_A-3T6G_B,0.00383200404158
0,3T97_C-3T97_B,0.286340350424039
0,3TBI_B-3TBI_A,0.144366314134848
0,3TIX_B-3TIX_A,0.020194788227934
0,3TJZ_A-3TJZ_B,0.026089917611954
0,3TJZ_C-3TJZ_B,0.002940591297992
0,3TL8_G-3TL8_K,0.084636791645496
0,3TND_A-3TND_B,0.020542614580501
0,3TNU_A-3TNU_B,0.216656625332338
0,3TQ7_A-3TQ7_Q,0.19780096925367
0,3TU5_A-3TU5_B,0.007478514966438
0,3TUF_B-3TUF_A,0.038595179621392
0,3TVJ_B-3TVJ_I,0.048313194011536
0,3TVT_A-3TVT_B,0.013803153940895
0,3TW8_D-3TW8_C,0.023648760462544
0,3TX7_B-3TX7_A,0.013628026828212
0,3U1J_E-3U1J_B,0.074294106137822
0,3U52_A-3U52_E,0.005725888946722
0,3U60_C-3U60_G,0.006211327950815
0,3U6X_D-3U6X_Y,0.013141906445432
0,3U7U_J-3U7U_D,0.031566243962234
0,3U88_M-3U88_C,0.093541245922013
0,3U9Z_A-3U9Z_C,0.036648838136771
0,3UKY_B-3UKY_C,0.05917776457292
0,3ULY_A-3ULY_B,0.05039251317937
0,3UTM_B-3UTM_C,0.131558228254443
0,3V11_A-3V11_B,0.00484849707768
0,3V11_A-3V11_C,0.009900718885713
0,3V4Y_A-3V4Y_B,0.039126963394609
0,3V62_C-3V62_B,0.048122695405846
0,3V89_B-3V89_A,0.000469060170443
0,3V96_B-3V96_A,0.032883962823001
0,3VA2_A-3VA2_C,0.143517563722008
0,3VEP_A-3VEP_C,0.126430628647255
0,3VHL_B-3VHL_A,0.043502013315966
0,3VHX_A-3VHX_B,0.117322009409859
0,3VIQ_B-3VIQ_A,0.023059948394706
0,3VMF_A-3VMF_B,0.013321072703121
0,3VR4_C-3VR4_G,0.003433259597181
0,3VR4_D-3VR4_G,0.004864196030649
0,3VR4_G-3VR4_H,0.023841343990016
0,3VU9_B-3VU9_A,0.007682801725887
0,3VUX_B-3VUX_E,0.097071156337279
0,3VYT_A-3VYT_B,0.023706025894545
0,3VYT_C-3VYT_A,0.021840199342131
0,3VYT_C-3VYT_B,0.026996753246753
0,3VZA_A-3VZA_C,0.026647271811951
0,3VZA_A-3VZA_E,0.030035335689046
0,3VZA_C-3VZA_E,0.021122958563909
0,3W15_A-3W15_C,0.01157035522813
0,3W1S_A-3W1S_B,0.032974712643678
0,3W1S_A-3W1S_C,0.019116910954088
0,3W1Y_C-3W1Y_A,0.015377247273799
0,3W5U_H-3W5U_E,0.12687350836681
0,3WDG_A-3WDG_B,0.009827074461221
0,3WFD_C-3WFD_B,0.002919846961345
0,3WHL_C-3WHL_D,0.094722679421159
0,3WKR_A-3WKR_C,0.054944277637858
0,3WO4_A-3WO4_C,0.14326132012093
0,3WO4_B-3WO4_C,0.181374610640354
0,3WRY_D-3WRY_B,0.001830527113112
0,3WSO_B-3WSO_A,0.006638446581287
0,3WTP_C-3WTP_F,0.045114536910724
0,3WTP_H-3WTP_F,0.0536406803387
0,3WWN_A-3WWN_B,0.159377772658571
0,3WWQ_D-3WWQ_F,0.077551781791049
0,3WWT_A-3WWT_B,0.006191579796632
0,3WXF_B-3WXF_A,0.011704857839391
0,3WXM_A-3WXM_B,0.006979120877064
0,3WYF_A-3WYF_B,0.065972183903818
0,3WYF_A-3WYF_C,0.000509673177614
0,3WYF_E-3WYF_F,0.000482642399178
0,3WYG_D-3WYG_C,0.009753038040778
0,3X1L_B-3X1L_A,0.006006529698728
0,3X1L_C-3X1L_A,0.001954109770824
0,3X1L_C-3X1L_B,0.026591105862613
0,3X1L_D-3X1L_G,0.015204962367631
0,3X1L_F-3X1L_A,0.026888136584979
0,3ZDL_B-3ZDL_A,0.005746112885608
0,3ZIA_A-3ZIA_G,0.011639461762296
0,3ZIA_D-3ZIA_J,0.022825852392059
0,3ZIA_E-3ZIA_G,0.009604618256748
0,3ZIA_G-3ZIA_H,0.005693998782715
0,3ZIA_G-3ZIA_I,0.104313540745958
0,3ZIA_M-3ZIA_T,0.020531672934447
0,3ZIA_Q-3ZIA_T,0.037222585222053
0,3ZIA_R-3ZIA_S,0.05094596858552
0,3ZKJ_E-3ZKJ_D,0.085335208111009
0,3ZS9_A-3ZS9_D,0.005662263212904
0,4A49_B-4A49_A,0.02338238828336
0,4A8J_D-4A8J_E,0.139872704451435
0,4A8X_A-4A8X_B,0.069797361999197
0,4A8X_A-4A8X_C,0.190940674012131
0,4A8X_C-4A8X_B,0.078698412698413
0,4AF3_A-4AF3_D,0.063836279163097
0,4AJ5_I-4AJ5_S,0.323796388304209
0,4ANI_C-4ANI_A,0.029398193612744
0,4AQR_D-4AQR_A,0.239944798360527
0,4AYD_A-4AYD_D,0.081557501198629
0,4B0M_M-4B0M_B,0.000945524083162
0,4B1V_B-4B1V_N,0.012212393380889
0,4B7Y_A-4B7Y_C,0.034774229326573
0,4B8C_D-4B8C_A,0.039943007852044
0,4B8C_D-4B8C_H,0.012107413499546
0,4B8C_H-4B8C_C,0.002622855038218
0,4BD9_B-4BD9_A,0.010458812216639
0,4BFI_B-4BFI_A,0.395414716537759
0,4BJJ_A-4BJJ_B,0.185972360016526
0,4BK5_A-4BK5_C,0.131305565016651
0,4BQ6_A-4BQ6_D,0.17287990480699
0,4BRU_A-4BRU_B,0.03725433722487
0,4BRW_A-4BRW_B,0.026082798429811
0,4BSZ_A-4BSZ_B,0.093525998718098
0,4BV4_R-4BV4_M,0.088063707387839
0,4BX9_A-4BX9_C,0.005125407051135
0,4C0H_B-4C0H_D,0.013470089486301
0,4C9B_A-4C9B_B,0.018990694755585
0,4C9R_C-4C9R_D,0.103358835833729
0,4CC9_B-4CC9_C,0.008009153318078
0,4CCG_A-4CCG_X,0.048026815673931
0,4CCN_D-4CCN_B,0.001823016788415
0,4CFR_Q-4CFR_B,0.221453670171764
0,4CGY_A-4CGY_B,0.012154428505215
0,4CI6_A-4CI6_B,0.009938002802869
0,4CJ2_A-4CJ2_D,0.035786333364247
0,4CLQ_B-4CLQ_A,0.022943235070659
0,4CMM_B-4CMM_A,0.490817020624238
0,4CO6_C-4CO6_E,0.145813765182186
0,4CRY_G-4CRY_B,0.008920205826106
0,4CT0_A-4CT0_B,0.009380238131085
0,4CXF_A-4CXF_B,0.02718492717447
0,4CYM_D-4CYM_A,0.024496434528589
0,4D0N_A-4D0N_B,0.019770040161293
0,4D18_E-4D18_H,0.001597126302082
0,4D18_F-4D18_A,0.000995417517923
0,4D18_F-4D18_B,0.013504659372103
0,4D18_J-4D18_I,0.000827637236913
0,4D18_M-4D18_J,0.00730226625529
0,4D18_M-4D18_N,0.001082610734934
0,4DAY_C-4DAY_A,0.026673323650448
0,4DCK_C-4DCK_A,0.159079709696707
0,4DCN_A-4DCN_C,0.146862406447899
0,4DGL_C-4DGL_B,0.036439659373827
0,4DGW_B-4DGW_A,0.010501690716102
0,4DGW_B-4DGW_C,0.006087467076848
0,4DH2_B-4DH2_A,0.32853272821301
0,4DHI_D-4DHI_B,0.010044340737076
0,4DI3_E-4DI3_C,0.00152056781453
0,4DID_A-4DID_B,0.120032803783461
0,4DJD_B-4DJD_E,0.010228899976282
0,4DJD_B-4DJD_F,0.004056809415777
0,4DL0_E-4DL0_G,0.010248207803301
0,4DL0_E-4DL0_I,0.05711798389308
0,4DL0_G-4DL0_C,0.073871194071187
0,4DVG_A-4DVG_B,0.062255742266461
0,4DX8_H-4DX8_B,0.038435765575652
0,4DXR_B-4DXR_A,0.051243618409999
0,4E6K_D-4E6K_H,0.071956165609416
0,4E6N_A-4E6N_B,0.001113388522263
0,4EAH_G-4EAH_E,0.002743100129879
0,4EB5_A-4EB5_C,0.018070973213649
0,4EBA_H-4EBA_C,0.090735226768264
0,4EN2_B-4EN2_A,0.156712157257946
0,4EOZ_C-4EOZ_D,0.056033457108759
0,4ETP_A-4ETP_B,0.059686622338631
0,4F0Z_A-4F0Z_B,0.020999001572265
0,4F0Z_C-4F0Z_A,0.007520769537697
0,4F0Z_C-4F0Z_B,0.036193173837727
0,4F4O_D-4F4O_F,0.006616230684636
0,4F6U_A-4F6U_B,0.007067025330126
0,4F8C_B-4F8C_A,0.06962930867564
0,4F9C_A-4F9C_B,0.104135441464287
0,4FAO_b-4FAO_d,0.006075982305491
0,4FAO_M-4FAO_Q,0.004192604416068
0,4FAO_W-4FAO_d,0.064438632948248
0,4FBW_A-4FBW_C,0.037342271141516
0,4FJV_B-4FJV_A,0.015095878255094
0,4FMB_B-4FMB_A,0.114409497257889
0,4FOU_A-4FOU_C,0.009515860267843
0,4FQ3_B-4FQ3_A,0.009060690196153
0,4FXE_B-4FXE_E,0.064292887935254
0,4FXG_J-4FXG_B,0.006091715310417
0,4FXW_B-4FXW_A,0.129320587553914
0,4G2V_B-4G2V_A,0.237908300403117
0,4G4S_P-4G4S_O,0.000684144695698
0,4G6U_A-4G6U_B,0.003666927136708
0,4G91_B-4G91_A,0.083495682526154
0,4GAF_A-4GAF_B,0.111418576504294
0,4GAM_B-4GAM_C,0.020529935305719
0,4GAM_I-4GAM_M,0.004316736040314
0,4GAM_L-4GAM_I,0.012421004969148
0,4GD3_T-4GD3_A,0.003502616591227
0,4GF3_B-4GF3_A,0.076551699199945
0,4GIZ_C-4GIZ_B,0.028247728033518
0,4GIZ_D-4GIZ_B,0.028247728033518
0,4GQB_B-4GQB_A,0.01640714434458
0,4GS7_A-4GS7_C,0.067097145889365
0,4GXB_B-4GXB_A,0.043924006503302
0,4H1W_A-4H1W_B,0.004081052506029
0,4H3H_B-4H3H_A,0.001496124007292
0,4H44_A-4H44_D,0.026364185893344
0,4H44_A-4H44_G,0.045551135315792
0,4H44_B-4H44_A,0.005422821145882
0,4H44_B-4H44_C,0.039449791568155
0,4H44_B-4H44_G,0.079799166187464
0,4H44_C-4H44_E,0.006162045691587
0,4H44_G-4H44_F,0.0205505477638
0,4H62_Q-4H62_K,0.011803011803012
0,4H62_V-4H62_Q,0.284630714353614
0,4H63_V-4H63_R,0.009097215908464
0,4H9N_A-4H9N_C,0.012110990234666
0,4H9N_C-4H9N_B,0.011207256233983
0,4HEA_3-4HEA_9,0.001243077648168
0,4HEA_4-4HEA_6,0.009551753810123
0,4HEA_5-4HEA_3,0.003497448665037
0,4HEA_5-4HEA_4,0.064845306096378
0,4HEA_5-4HEA_6,0.013345589849264
0,4HEA_5-4HEA_9,0.027254067650226
0,4HEA_6-4HEA_9,0.057098222732721
0,4HEA_6-4HEA_W,0.007408875089109
0,4HEA_7-4HEA_9,0.161811738083593
0,4HEA_A-4HEA_6,0.017999443436547
0,4HEA_D-4HEA_B,0.001062769771651
0,4HEA_D-4HEA_I,0.040040271483628
0,4HEA_D-4HEA_X,0.039361602029206
0,4HEA_E-4HEA_D,0.001886260378108
0,4HEA_E-4HEA_O,0.0107329671089
0,4HEA_F-4HEA_X,0.091998405437594
0,4HEA_H-4HEA_4,0.002567321480148
0,4HEA_Q-4HEA_G,0.001833383586764
0,4HEA_Q-4HEA_O,0.013646174040773
0,4HEA_Q-4HEA_P,0.001734926816644
0,4HEA_Q-4HEA_R,0.011664797479248
0,4HFK_A-4HFK_B,0.00735422338726
0,4HH3_A-4HH3_C,0.161619633680952
0,4HI0_A-4HI0_B,0.002627512473037
0,4HI0_A-4HI0_E,0.012900894381688
0,4HI8_B-4HI8_A,0.10133854442678
0,4HKC_A-4HKC_B,0.158438262193405
0,4HKJ_P-4HKJ_N,0.093618234206457
0,4HNY_B-4HNY_A,0.033385870569079
0,4HPM_C-4HPM_D,0.020865770593394
0,4HSA_E-4HSA_F,0.010221167843295
0,4HSU_C-4HSU_A,0.004152840381593
0,4HUQ_T-4HUQ_S,0.001238949459257
0,4HX3_H-4HX3_G,0.037844534067358
0,4HZU_T-4HZU_S,0.003266773940182
0,4I6J_A-4I6J_B,0.000978152790592
0,4I6M_A-4I6M_C,0.024924049620463
0,4I6M_A-4I6M_D,0.029539159680536
0,4I6N_B-4I6N_A,0.045404640014709
0,4I98_A-4I98_C,0.070405810032962
0,4I9X_C-4I9X_B,0.327437584386984
0,4IAO_A-4IAO_C,0.007016544438044
0,4IFD_A-4IFD_G,0.038108144121096
0,4IFD_C-4IFD_I,0.061378965574189
0,4IFD_C-4IFD_J,0.001202564076399
0,4IFD_I-4IFD_G,0.128004217540288
0,4IFD_K-4IFD_I,0.01001589324773
0,4II2_B-4II2_A,0.002108177504498
0,4IIQ_B-4IIQ_A,0.4235260571978
0,4IIQ_C-4IIQ_A,0.302163996546118
0,4IIT_A-4IIT_B,0.046069182070037
0,4IN3_C-4IN3_D,0.001213077664973
0,4ITR_C-4ITR_B,0.064267051943108
0,4IUM_B-4IUM_A,0.121294160364342
0,4IW3_K-4IW3_J,0.003465352459526
0,4J7C_B-4J7C_K,0.00914217019206
0,4JCV_C-4JCV_E,0.005394227925135
0,4JGH_A-4JGH_C,0.009832258394021
0,4JGH_B-4JGH_C,0.017434290017175
0,4JGH_D-4JGH_C,0.00842265945629
0,4JHJ_C-4JHJ_A,0.0845477582846
0,4JJN_E-4JJN_L,0.00483893476403
0,4JJN_L-4JJN_F,0.005867341468122
0,4JLQ_A-4JLQ_B,0.004390214606022
0,4JMF_A-4JMF_B,0.031507439773264
0,4JOI_B-4JOI_C,0.119326249419975
0,4JQU_A-4JQU_B,0.186869269464888
0,4K1R_D-4K1R_C,0.013156985540136
0,4KBB_D-4KBB_B,0.046642128805666
0,4KFZ_A-4KFZ_C,0.017507003545585
0,4KMO_A-4KMO_B,0.002217488753596
0,4KP3_A-4KP3_C,0.007946729641404
0,4KP3_B-4KP3_F,0.021956170520661
0,4KT5_C-4KT5_A,0.066697233239149
0,4KT6_C-4KT6_D,0.000466013176924
0,4KYO_A-4KYO_B,0.0092719815348
0,4KYT_A-4KYT_B,0.009342331999402
0,4L0Z_B-4L0Z_A,0.023166725904113
0,4L63_C-4L63_A,0.107418705121403
0,4LD3_A-4LD3_B,0.217207699812993
0,4LJO_B-4LJO_A,0.101536210042511
0,4LL1_B-4LL1_A,0.007795955043476
0,4LL8_A-4LL8_E,0.005787125403824
0,4LN0_B-4LN0_C,0.012763189549938
0,4LNU_A-4LNU_K,0.006173787071756
0,4LRT_A-4LRT_B,0.024190938942109
0,4LX3_A-4LX3_B,0.356665523352198
0,4M0W_B-4M0W_A,0.091200269128868
0,4M1U_A-4M1U_E,0.000874408640369
0,4M5D_A-4M5D_B,0.001644788894135
0,4M69_A-4M69_B,0.018923326908093
0,4M6B_A-4M6B_C,0.107193206538545
0,4M6B_D-4M6B_F,0.098925581359786
0,4M70_I-4M70_J,0.052907699432109
0,4MCT_A-4MCT_B,0.055124250361894
0,4ME7_F-4ME7_C,0.038759242859333
0,4MOY_A-4MOY_B,0.099278946272387
0,4MQW_E-4MQW_D,0.005706630287746
0,4MQW_X-4MQW_A,0.393913359572083
0,4MQW_Z-4MQW_H,0.036224361550919
0,4N3Y_A-4N3Y_C,0.057083974997735
0,4NDN_B-4NDN_F,0.009087449758354
0,4NEE_C-4NEE_D,0.016875769740586
0,4NEE_K-4NEE_J,0.003390851189513
0,4NQW_A-4NQW_B,0.131485192576229
0,4NRH_A-4NRH_D,0.301659711207507
0,4NTW_B-4NTW_A,0.058212625171114
0,4NTW_B-4NTW_C,0.081919116069513
0,4NTW_C-4NTW_A,0.017503195909823
0,4NUT_A-4NUT_B,0.11806039252669
0,4NWO_A-4NWO_B,0.056289375435814
0,4NWP_C-4NWP_E,0.012399979816515
0,4ODB_B-4ODB_E,0.37095998423872
0,4OJK_C-4OJK_A,0.072421559490525
0,4OMF_A-4OMF_B,0.003337207776954
0,4OMF_G-4OMF_A,0.007193185602277
0,4OMF_G-4OMF_B,0.070524447291679
0,4OO1_J-4OO1_C,0.000127764172213
0,4OO1_J-4OO1_H,2.16151527492761E-05
0,4OR5_B-4OR5_E,0.051630905958725
0,4OR5_F-4OR5_G,0.006787471863971
0,4OR5_G-4OR5_H,0.011669576958409
0,4OR5_H-4OR5_J,0.176720647773279
0,4OV6_G-4OV6_E,0.07886856144298
0,4OWR_A-4OWR_C,0.218771724444086
0,4OWT_A-4OWT_C,0.040999454446263
0,4OWT_B-4OWT_A,0.007894347776641
0,4OY2_F-4OY2_E,0.007659371262593
0,4P1B_I-4P1B_A,0.00758581111004
0,4P5O_C-4P5O_F,0.004855333116203
0,4P5O_G-4P5O_C,0.010919550958741
0,4P5O_G-4P5O_D,0.006031833212133
0,4P5O_K-4P5O_B,0.039291351546021
0,4P6I_D-4P6I_A,0.015198049768657
0,4P6V_B-4P6V_A,0.003001295073593
0,4P6V_D-4P6V_C,0.005543046041591
0,4P6V_F-4P6V_A,0.005648506125019
0,4P6V_F-4P6V_C,0.004510042073008
0,4P6Z_M-4P6Z_B,0.000962689987031
0,4P6Z_M-4P6Z_G,0.000444077032094
0,4P6Z_S-4P6Z_G,0.000530683783014
0,4P6Z_V-4P6Z_S,0.134573336268252
0,4P78_D-4P78_A,0.142732406021443
0,4PBY_D-4PBY_B,0.019062972504518
0,4PER_B-4PER_A,0.164660585326215
0,4PK7_B-4PK7_A,0.02291956904268
0,4PKF_A-4PKF_C,0.00053747113312
0,4PKG_A-4PKG_G,0.005525081456428
0,4PLN_C-4PLN_B,0.013101143321927
0,4PSW_C-4PSW_A,0.026677398282941
0,4PSW_C-4PSW_B,0.035501063624748
0,4PUF_D-4PUF_B,0.006177067635461
0,4Q2U_A-4Q2U_B,0.054958613826953
0,4Q35_A-4Q35_B,0.003702287390524
0,4Q7J_B-4Q7J_C,0.01778771214464
0,4Q7J_D-4Q7J_C,0.013134010740467
0,4Q7J_E-4Q7J_G,0.000309499396668
0,4Q7J_F-4Q7J_E,0.007736618220489
0,4QAF_A-4QAF_D,0.040332010733884
0,4QAM_B-4QAM_A,0.051767399267399
0,4QIW_J-4QIW_Q,0.030945041266458
0,4QLB_E-4QLB_A,0.001019321169239
0,4QLP_B-4QLP_A,0.006775290295365
0,4QPG_C-4QPG_A,0.325733052720598
0,4QPJ_C-4QPJ_A,0.079740801232257
0,4QPL_B-4QPL_A,0.0096359826988
0,4QTT_C-4QTT_D,0.131831445656192
0,4R10_B-4R10_A,0.072757238233869
0,4R3U_A-4R3U_C,0.096905209002298
0,4R6U_D-4R6U_A,0.14415325114466
0,4RG6_A-4RG6_S,0.087117405279786
0,4RGW_A-4RGW_B,0.018933081997559
0,4ROC_B-4ROC_A,0.019746829163688
0,4RS1_A-4RS1_B,0.091505420083995
0,4RT6_B-4RT6_A,0.004755261861233
0,4S0H_B-4S0H_E,0.05029941672697
0,4TPS_D-4TPS_C,0.147399749373434
0,4TQ1_A-4TQ1_B,0.027845222147801
0,4U4C_B-4U4C_A,0.01420726212563
0,4U65_A-4U65_E,0.021952748034392
0,4U7U_A-4U7U_B,0.005683212220473
0,4U7U_A-4U7U_K,0.001358833034624
0,4U7U_E-4U7U_B,0.001129286222417
0,4U7U_P-4U7U_U,0.002201461374493
0,4U7U_V-4U7U_M,0.002151132372337
0,4U7U_V-4U7U_W,0.001421862456181
0,4UAF_B-4UAF_E,0.205790658927855
0,4UB8_A-4UB8_B,0.003753265091864
0,4UB8_A-4UB8_I,0.044768068451362
0,4UB8_A-4UB8_O,0.006114320888413
0,4UB8_A-4UB8_T,0.03408405538609
0,4UB8_A-4UB8_V,0.010454432340349
0,4UB8_B-4UB8_H,0.008202537808082
0,4UB8_B-4UB8_L,0.02013399709811
0,4UB8_B-4UB8_O,0.001591111846885
0,4UB8_B-4UB8_U,0.003650916343342
0,4UB8_e-4UB8_j,0.052752313717226
0,4UB8_E-4UB8_R,0.056047934879531
0,4UB8_K-4UB8_Y,0.088260135135135
0,4UB8_l-4UB8_m,0.039312039312039
0,4UB8_o-4UB8_u,0.004518749751036
0,4UB8_T-4UB8_L,0.106363748263553
0,4UB8_U-4UB8_V,0.0379202890427
0,4UB8_Z-4UB8_Y,0.013183487549792
0,4UE8_A-4UE8_B,0.078015154716424
0,4UE9_A-4UE9_B,0.011417973890461
0,4UEL_A-4UEL_C,0.012332217952034
0,4UEL_B-4UEL_A,0.047560368204542
0,4UF5_A-4UF5_B,0.005199446758116
0,4UFR_A-4UFR_B,0.003121747764374
0,4UI1_A-4UI1_D,0.006323295567482
0,4UQI_M-4UQI_A,0.000603400572574
0,4UQI_S-4UQI_A,0.001485324905491
0,4UQI_S-4UQI_B,0.017407521572361
0,4US0_R-4US0_S,0.023565620962129
0,4UX3_A-4UX3_B,0.045190258972957
0,4UZY_B-4UZY_A,0.067000138804765
0,4UZZ_B-4UZZ_A,0.362662052182101
0,4V0X_A-4V0X_B,0.021211909253556
0,4V3K_B-4V3K_C,0.183022234310192
0,4V3K_D-4V3K_E,0.042161193945672
0,4V3K_D-4V3K_F,0.090663734182166
0,4W4L_B-4W4L_A,0.038746765569988
0,4W4L_B-4W4L_C,0.002931781086124
0,4W4O_C-4W4O_A,0.418449663772028
0,4WEM_A-4WEM_B,0.030444634138478
0,4WJ3_H-4WJ3_I,0.001470253884047
0,4WJ3_M-4WJ3_K,0.0015266850905
0,4WJ3_P-4WJ3_A,0.001186283773873
0,4WMA_D-4WMA_A,0.018895309113653
0,4WNL_D-4WNL_E,0.74576802507837
0,4WPX_A-4WPX_B,0.287106122052684
0,4WQO_D-4WQO_A,0.013635100964722
0,4WSI_X-4WSI_A,0.030826329049443
0,4WV4_A-4WV4_B,0.016697489176273
0,4WW7_A-4WW7_B,0.136877502222244
0,4WWX_E-4WWX_Y,0.005991345712181
0,4WX8_E-4WX8_B,0.029393792747451
0,4WYB_C-4WYB_D,0.018477440329924
0,4WZA_H-4WZA_D,0.019580039268035
0,4X8K_A-4X8K_B,0.066137626545356
0,4XB6_B-4XB6_D,0.002167575174704
0,4XB6_G-4XB6_E,0.008730702090691
0,4XB6_G-4XB6_H,0.004860275309539
0,4XD9_A-4XD9_B,0.089431752185172
0,4XDN_A-4XDN_B,0.005239258149841
0,4XGA_B-4XGA_A,0.006620986022647
0,4XGC_A-4XGC_B,0.008836720011799
0,4XGC_A-4XGC_D,0.00351187593604
0,4XGC_A-4XGC_E,0.002234034854331
0,4XGC_B-4XGC_C,0.004107437544326
0,4XGC_B-4XGC_E,0.022213044803289
0,4XGC_C-4XGC_E,0.010815144291247
0,4XGC_D-4XGC_E,0.003959065918021
0,4XGC_F-4XGC_C,0.05657135110625
0,4XH9_E-4XH9_D,0.00843005022266
0,4XHJ_B-4XHJ_A,0.000389466807377
0,4XIZ_A-4XIZ_N,0.033510772730145
0,4XLG_A-4XLG_B,0.02290286704903
0,4XLR_C-4XLR_M,0.000951516046866
0,4XPM_A-4XPM_C,0.005128205128205
0,4XPM_B-4XPM_A,0.051963130890528
0,4XPM_B-4XPM_C,0.003539006000923
0,4XPN_A-4XPN_B,0.024537640284141
0,4XSG_A-4XSG_B,0.054669156183327
0,4XT1_A-4XT1_B,0.050007935290811
0,4XWJ_B-4XWJ_A,0.02461446636677
0,4XXB_A-4XXB_B,0.073499894059445
0,4XZR_B-4XZR_A,0.039813926461029
0,4Y99_C-4Y99_A,0.159027981296061
0,4YFD_A-4YFD_B,0.201885829113255
0,4YH7_A-4YH7_B,0.103311387374648
0,4YII_U-4YII_A,0.07155253131861
0,4YK8_A-4YK8_B,0.009079365540646
0,4YL8_B-4YL8_A,0.08159960350735
0,4YON_B-4YON_A,0.006961865110885
0,4YYP_A-4YYP_B,0.006523332939695
0,4Z2M_B-4Z2M_H,0.021982699222219
0,4Z2M_I-4Z2M_B,0.039509845478492
0,4Z3U_B-4Z3U_A,0.003243773374165
0,4Z42_C-4Z42_B,0.003141187427027
0,4Z42_F-4Z42_A,0.003526013003364
0,4Z6Y_A-4Z6Y_D,0.101658308981806
0,4Z80_A-4Z80_C,0.023842592592593
0,4Z8L_E-4Z8L_F,0.028342128175573
0,4Z96_A-4Z96_C,0.108766621762559
0,4ZHY_B-4ZHY_A,0.037251447549333
0,4ZJB_G-4ZJB_B,0.025435316435944
0,4ZJV_A-4ZJV_C,0.055317343433449
0,4ZK7_W-4ZK7_E,0.027086313849279
0,4ZK9_B-4ZK9_A,0.011940663985978
0,4ZP3_A-4ZP3_M,0.215702986170131
0,4ZRI_C-4ZRI_A,0.039571120752606
0,4ZRK_G-4ZRK_C,0.02491745542593
0,4ZRP_C-4ZRP_A,0.004315970668476
0,5ABV_F-5ABV_E,0.056614852970287
0,5AJJ_B-5AJJ_A,0.11469940705323
0,5AQV_A-5AQV_B,0.057382500281437
0,5AWF_D-5AWF_B,0.006933210563769
0,5AWW_Y-5AWW_E,0.02943571914419
0,5AWW_Y-5AWW_G,0.016819852453361
0,5B0O_C-5B0O_G,0.003380323693643
0,5B16_B-5B16_A,0.009245242778265
0,5B2G_A-5B2G_F,0.01385713452722
0,5B2G_C-5B2G_D,0.013150387470996
0,5B4X_D-5B4X_C,0.002142306899272
0,5B58_B-5B58_T,0.007243277120469
0,5B5W_U-5B5W_A,0.079050377087222
0,5B64_A-5B64_B,0.01985486741505
0,5B83_D-5B83_F,0.056534764159454
0,5BNX_A-5BNX_C,0.043203028127651
0,5BNX_A-5BNX_D,0.020812053115424
0,5BNX_C-5BNX_B,0.036114770319374
0,5BNX_D-5BNX_B,0.030888312887909
0,5BQC_A-5BQC_B,0.065742199894236
0,5BS7_E-5BS7_C,0.094129875216832
0,5BWA_A-5BWA_B,0.03765759929879
0,5BZ0_B-5BZ0_A,0.068871441554161
0,5C2J_B-5C2J_A,0.032673651315231
0,5C46_F-5C46_E,0.040159207989871
0,5CCB_B-5CCB_A,0.00207042349192
0,5CGQ_A-5CGQ_B,0.012197572786099
0,5CJP_A-5CJP_E,0.032804654724169
0,5CL1_D-5CL1_A,0.01639725602525
0,5CLL_A-5CLL_B,0.049752160663228
0,5CM2_M-5CM2_Z,0.144899808312808
0,5CM8_B-5CM8_A,0.028374581685368
0,5CSF_B-5CSF_C,0.040549624357454
0,5CX3_E-5CX3_A,0.038739636676129
0,5CYZ_A-5CYZ_C,0.053284754424248
0,5D1M_A-5D1M_B,0.038162386560872
0,5D3I_A-5D3I_B,0.109463896184109
0,5D6H_A-5D6H_B,0.010466727369335
0,5DA9_C-5DA9_A,0.010661457872127
0,5DLQ_C-5DLQ_B,0.013834221916126
0,5DLQ_F-5DLQ_B,0.0003307341466
0,5DMB_D-5DMB_A,0.034754056507432
0,5DMV_C-5DMV_D,0.001877346683354
0,5DOQ_A-5DOQ_B,0.013319474335545
0,5E8J_B-5E8J_D,0.017050678440219
0,5EE5_B-5EE5_A,0.102944101940773
0,5EKQ_A-5EKQ_E,0.002027338881463
0,5EOF_C-5EOF_B,0.05585511139755
0,5EP6_B-5EP6_A,0.139857154755955
0,5ET0_D-5ET0_C,0.076496716054024
0,5EXE_B-5EXE_A,0.016844050429422
0,5EXE_B-5EXE_C,0.031866562152355
0,5F0J_A-5F0J_B,0.002752847378702
0,5F0J_C-5F0J_A,0.014245516606526
0,5F0J_C-5F0J_B,0.012478233887361
0,5F1B_A-5F1B_C,0.15084080959689
0,5F4E_B-5F4E_A,0.003471593182346
0,5F5P_E-5F5P_G,0.02847031787462
0,5F5S_A-5F5S_B,0.025766177005305
0,5F5T_A-5F5T_C,0.006009209001974
0,5F74_B-5F74_A,0.019719066932614
0,5F84_B-5F84_A,0.021042600698923
0,5FC8_E-5FC8_C,0.077822296007187
0,5FFO_D-5FFO_B,0.006445794076188
0,5FFO_G-5FFO_A,0.002134765534294
0,5FIR_C-5FIR_D,0.066246723277106
0,5FL7_O-5FL7_H,0.072954888840924
0,5FM5_M-5FM5_P,0.277275561531589
0,5FQ8_B-5FQ8_G,0.000954965415368
0,5FQ8_D-5FQ8_E,0.003626408489547
0,5FQD_B-5FQD_A,0.000460849116041
0,5FQD_F-5FQD_E,0.002479125490043
0,5FU7_A-5FU7_B,0.005725481990443
0,5FU7_A-5FU7_D,0.044770542414255
0,5FU7_C-5FU7_B,0.007472463073427
0,5FU7_C-5FU7_D,0.08318932434846
0,5FU7_E-5FU7_G,0.008367018181826
0,5FUG_D-5FUG_F,0.10190894502401
0,5FUG_K-5FUG_L,0.051115982110292
0,5FVD_B-5FVD_A,0.014273566569485
0,5G1X_B-5G1X_A,0.025263075029323
0,5GJK_A-5GJK_B,0.103442592842608
0,5GK9_B-5GK9_A,0.023393980233603
0,5GQQ_B-5GQQ_D,0.019991605483475
0,5H07_A-5H07_D,0.074281264588469
0,5H2F_F-5H2F_J,0.088077557755776
0,5H2W_C-5H2W_D,0.058479474007559
0,5H6Q_B-5H6Q_A,0.011848705300609
0,5HK5_A-5HK5_E,0.003735743969504
0,5HPS_A-5HPS_B,0.011442978177042
0,5HU3_B-5HU3_A,0.029963087992089
0,5HXB_X-5HXB_Z,0.002429719058397
0,5HXG_C-5HXG_D,0.167174405954136
0,5HY3_A-5HY3_B,0.01484225269055
0,5HZK_D-5HZK_A,0.007970503296005
0,5HZK_D-5HZK_C,0.007970503296005
0,5I2D_G-5I2D_F,0.006301365347562
0,5I2D_H-5I2D_A,0.000973483186057
0,5I9E_A-5I9E_E,0.008855807070095
0,5IBK_C-5IBK_A,0.061474819225455
0,5IBW_C-5IBW_A,0.261554495007986
0,5IFG_B-5IFG_A,0.062064054075739
0,5IFS_B-5IFS_A,0.030125903158549
0,5IIB_A-5IIB_B,0.007891278375149
0,5IJ7_F-5IJ7_B,0.035492822069759
0,5IM5_A-5IM5_N,0.008678302874243
0,5IMT_D-5IMT_A,0.004048368046373
0,5INB_A-5INB_B,0.021583207339336
0,5IXI_B-5IXI_A,0.162963863282806
0,5J1S_B-5J1S_A,0.139826870023917
0,5J43_E-5J43_F,0.08281517143964
0,5J9T_B-5J9T_C,0.089213560784052
0,5J9T_C-5J9T_D,0.002248105518518
0,5J9T_E-5J9T_G,0.002711212573585
0,5J9T_F-5J9T_H,0.016455682530082
0,5JA4_D-5JA4_B,0.273113959673837
0,5JAA_D-5JAA_A,0.051001922394805
0,5JDO_E-5JDO_A,0.062318981467854
0,5JEA_K-5JEA_C,0.002545042232191
0,5JEA_K-5JEA_I,0.006132748387191
0,5JEJ_A-5JEJ_D,0.020279481935924
0,5JEN_B-5JEN_A,0.004961279260258
0,5JFZ_E-5JFZ_F,0.076561025462124
0,5JG6_B-5JG6_A,0.045695723334043
0,5JHF_F-5JHF_E,0.012416758264423
0,5JPO_A-5JPO_E,0.054800541759203
0,5JQY_B-5JQY_A,0.158841416647868
0,5JW7_B-5JW7_A,0.078974798256391
0,5JW9_A-5JW9_B,0.132782444183244
0,5JWO_A-5JWO_B,0.145075479520955
0,5K04_B-5K04_A,0.008872418592362
0,5K23_A-5K23_C,0.027543378982182
0,5KBX_B-5KBX_A,0.242761883372235
0,5KL1_A-5KL1_B,0.140995955166419
0,5KP7_B-5KP7_A,0.033382166722124
0,5KS8_A-5KS8_F,0.009915987532375
0,5KTB_C-5KTB_B,0.27549821964542
0,5KWY_C-5KWY_B,0.045327855245989
0,5KXH_B-5KXH_A,0.017814910898108
0,5L6N_H-5L6N_I,0.011292671488164
0,5L6W_C-5L6W_L,0.027502132141631
0,5L8H_B-5L8H_A,0.044652585690087
0,5L9W_A-5L9W_C,0.057908313032868
0,5LB7_B-5LB7_A,0.015956694116997
0,5LDA_B-5LDA_A,0.056111409056036
0,5LDD_A-5LDD_B,0.022063500876449
0,5LDD_C-5LDD_A,0.110347812839172
0,5LDD_C-5LDD_B,0.049912522891045
0,5LG4_A-5LG4_B,0.028578211597649
0,5LGD_A-5LGD_B,0.026122062857856
0,5LOP_A-5LOP_C,0.062558424428254
0,5LPU_B-5LPU_D,0.014610730710988
0,5LQF_A-5LQF_C,0.048886315437337
0,5LQF_D-5LQF_E,0.007650717091809
0,5LSB_A-5LSB_B,0.115467870368388
0,5LSI_D-5LSI_E,0.11875829507626
0,5LSJ_A-5LSJ_D,0.012380771042714
0,5LSJ_B-5LSJ_D,0.01411018932391
0,5LSJ_C-5LSJ_G,0.024042011002882
0,5LSJ_C-5LSJ_Q,0.029573479449981
0,5LSJ_E-5LSJ_G,0.009874162764702
0,5LSK_N-5LSK_P,0.12647492452786
0,5LTW_G-5LTW_F,0.01025041875895
0,5LXR_A-5LXR_B,0.079385171790235
0,5LXT_A-5LXT_E,0.006227887333011
0,5LXT_A-5LXT_F,0.001757974706402
0,5M5E_D-5M5E_C,0.278416598881324
0,5M72_A-5M72_B,0.308382904402322
0,5MB9_A-5MB9_D,0.038914851485149
0,5MJ3_A-5MJ3_B,0.300600905171748
0,5MSM_B-5MSM_A,0.007862663013285
0,5MSM_C-5MSM_B,0.018962518962519
0,5MSM_F-5MSM_D,0.00991833881212
0,5MU7_B-5MU7_A,0.006987472166882
0,5N6Y_A-5N6Y_C,0.004289741688778
0,5N9J_A-5N9J_B,0.004740463013773
0,5N9J_A-5N9J_D,0.002067446413318
0,5N9J_A-5N9J_G,0.001834564030135
0,5N9J_A-5N9J_W,0.001092275352158
0,5N9J_B-5N9J_D,0.013929133296256
0,5N9J_B-5N9J_G,0.005098937501665
0,5N9J_C-5N9J_A,0.008300885785848
0,5N9J_C-5N9J_B,0.014559562097763
0,5N9J_E-5N9J_A,0.004076894967608
0,5N9J_E-5N9J_B,0.007217142548292
0,5N9J_E-5N9J_C,0.003155757161435
0,5N9J_E-5N9J_G,0.00483643147536
0,5N9J_G-5N9J_D,0.009889544549468
0,5N9J_R-5N9J_A,0.011235357019835
0,5N9J_R-5N9J_G,0.017204642091884
0,5N9J_S-5N9J_A,0.006906400450162
0,5N9J_S-5N9J_G,0.005298678236269
0,5N9J_S-5N9J_U,0.003665977636229
0,5N9J_S-5N9J_W,0.004576993500874
0,5N9J_S-5N9J_Z,0.01247836790732
0,5N9J_W-5N9J_U,0.00040392835858
0,5N9J_Z-5N9J_U,0.002466053527007
0,5NLB_A-5NLB_B,0.020785687436714
0,5NVL_C-5NVL_D,0.051509758897819
0,5NXB_B-5NXB_C,0.009841878040064
0,5O32_J-5O32_F,0.001484256259063
0,5O7X_F-5O7X_E,0.010735310476226
0,5O7X_G-5O7X_H,0.002354950642804
0,5O7X_I-5O7X_G,0.012123489850158
0,5SY7_A-5SY7_B,0.241065137036259
0,5SZH_B-5SZH_A,0.148269938492421
0,5T46_C-5T46_D,0.056384401120667
0,5T48_A-5T48_B,0.011499625373751
0,5T59_A-5T59_C,0.081262936718581
0,5T59_B-5T59_A,0.066277371019197
0,5T59_E-5T59_F,0.34516064135836
0,5T5I_B-5T5I_A,0.010953421459684
0,5T5I_B-5T5I_D,0.235213673782147
0,5T5I_B-5T5I_G,0.024063366113761
0,5T5I_C-5T5I_A,0.005493338151591
0,5T5I_F-5T5I_B,0.006499820982981
0,5T5I_J-5T5I_K,0.018137576705809
0,5T5W_A-5T5W_C,0.142954803376258
0,5T5W_B-5T5W_C,0.049244340075219
0,5T70_G-5T70_A,0.027085812897159
0,5T89_X-5T89_V,0.083744737073624
0,5TAR_A-5TAR_B,0.112934840402198
0,5TCS_A-5TCS_C,0.068657344286854
0,5TDY_C-5TDY_D,0.077267849631289
0,5UA4_A-5UA4_B,0.118298819571333
0,5UFU_A-5UFU_B,0.010806740097898
0,5UK4_N-5UK4_n,0.050771385479509
0,5UNI_B-5UNI_A,0.029057005125882
0,5UQ2_A-5UQ2_B,0.03632105135942
0,5V3N_B-5V3N_A,0.128748680772682
0,5V6T_B-5V6T_A,0.008962288881399
0,5VJI_D-5VJI_F,0.171339878070647
0,5VK3_A-5VK3_B,0.026105865635507
0,5VOB_B-5VOB_A,0.000499666888741
0,5VOB_B-5VOB_D,0.007114392873887
0,5VXZ_D-5VXZ_B,0.05452490072323
0,5WGB_A-5WGB_B,0.128976273930962
0,5WUR_A-5WUR_C,0.159626326567169
0,5WXM_B-5WXM_V,0.126645115483785
0,5WY5_B-5WY5_A,0.00913805878789
0,5WYL_D-5WYL_C,0.045005660308637
0,5X1E_A-5X1E_C,0.02025134494225
0,5X3T_C-5X3T_D,0.073188107018508
0,5X3X_m-5X3X_q,0.017402122162763
0,5X5W_C-5X5W_D,0.277880855655992
0,5XBF_A-5XBF_B,0.008961635747901
0,5XEQ_A-5XEQ_B,0.003349257917154
0,5XJL_2-5XJL_M,0.043039281440276
0,5XJL_A-5XJL_2,0.008084848295366
0,5XSJ_L-5XSJ_X,0.23620613079432
