complex_id,DockQ_dockqstats_bench4_af2_af2andhhblitsmsa_model_1_rec10_run5,DockQ_dockqstats_bench4_af2_af2andhhblitsmsa_model_1_rec10_run4,DockQ_dockqstats_bench4_af2_af2andhhblitsmsa_model_1_rec10_run3,DockQ_dockqstats_bench4_af2_af2andhhblitsmsa_model_1_rec10_run2,DockQ_dockqstats_bench4_af2_af2andhhblitsmsa_model_1_rec10_run1
1ay7_bc,0.893,0.947,0.948,0.899,0.897
1b27_bc,0.676,0.676,0.676,0.677,0.69
1bdj_bc,0.029,0.028,0.024,0.023,0.038
1buh_bc,0.577,0.541,0.559,0.015,0.014
1bvn_bc,0.019,0.02,0.06,0.02,0.021
1cc0_bc,0.011,0.011,0.012,0.011,0.012
1clv_bc,0.009,0.011,0.011,0.009,0.012
1dfj_bc,0.038,0.04,0.802,0.041,0.041
1eay_bc,0.459,0.458,0.457,0.458,0.451
1eer_bc,0.76,0.702,0.774,0.734,0.778
1ewy_bc,0.14,0.054,0.141,0.053,0.053
1fle_bc,0.011,0.74,0.063,0.01,0.737
1fq1_bc,0.411,0.014,0.385,0.116,0.365
1g6v_bc,0.009,0.009,0.009,0.009,0.009
1g73_bc,0.037,0.044,0.045,0.044,0.041
1gcq_bc,0.9,0.037,0.096,0.036,0.032
1gpw_bc,0.685,0.713,0.676,0.687,0.709
1he1_bc,0.093,0.042,0.046,0.094,0.079
1i2m_bc,0.282,0.298,0.295,0.296,0.279
1i4e_bc,0.006,0.006,0.007,0.005,0.004
1i8l_bc,0.393,0.391,0.391,0.379,0.394
1ib1_bc,0.023,0.024,0.024,0.023,0.024
1jiw_bc,0.86,0.833,0.849,0.883,0.842
1jk9_bc,0.658,0.672,0.668,0.67,0.67
1jtd_bc,0.019,0.02,0.019,0.02,0.02
1k5g_bc,0.044,0.028,0.033,0.042,0.032
1kgy_bc,0.012,0.012,0.012,0.012,0.012
1lb2_bc,0.007,0.01,0.007,0.01,0.01
1lfd_bc,0.673,0.691,0.687,0.378,0.917
1mq8_bc,0.818,0.009,0.819,0.009,0.009
1nbf_bc,0.422,0.448,0.393,0.43,0.402
1nql_bc,0.404,0.375,0.377,0.374,0.379
1nw9_bc,0.01,0.023,0.021,0.023,0.023
1oc0_bc,0.013,0.014,0.013,0.013,0.014
1pvh_bc,0.017,0.019,0.024,0.013,0.009
1qav_bc,0.8,0.782,0.712,0.835,0.79
1r8s_bc,0.262,0.266,0.271,0.27,0.277
1s1q_bc,0.028,0.032,0.031,0.025,0.027
1te1_bc,0.008,0.009,0.008,0.008,0.008
1tmq_bc,0.047,0.008,0.008,0.008,0.009
1uad_bc,0.613,0.611,0.646,0.541,0.632
1uug_bc,0.011,0.011,0.011,0.011,0.01
1v5i_bc,0.832,0.837,0.835,0.834,0.833
1vg0_bc,0.162,0.16,0.149,0.159,0.178
1vrs_bc,0.885,0.886,0.89,0.885,0.889
1wq1_bc,0.032,0.031,0.031,0.441,0.031
1wrd_bc,0.682,0.746,0.013,0.743,0.736
1x86_bc,0.259,0.047,0.332,0.066,0.326
1xt9_bc,0.849,0.835,0.849,0.833,0.853
1y64_bc,0.008,0.008,0.008,0.008,0.008
1y8x_bc,0.723,0.722,0.722,0.723,0.722
1ycs_bc,0.039,0.04,0.006,0.017,0.038
1yu6_bc,0.011,0.811,0.011,0.011,0.011
1yvb_bc,0.84,0.877,0.833,0.053,0.829
1z5y_bc,0.705,0.697,0.69,0.72,0.698
1zlh_bc,0.208,0.032,0.034,0.029,0.03
2a41_bc,0.008,0.006,0.009,0.009,0.009
2a5d_bc,0.011,0.011,0.654,0.011,0.011
2a9k_bc,0.015,0.015,0.015,0.015,0.015
2abz_bc,0.061,0.063,0.057,0.06,0.073
2aq3_bc,0.018,0.018,0.018,0.018,0.018
2b4s_bc,0.007,0.007,0.006,0.007,0.006
2bcg_bc,0.304,0.29,0.033,0.299,0.033
2bcn_bc,0.033,0.034,0.034,0.034,0.034
2bku_bc,0.254,0.283,0.275,0.042,0.277
2bov_bc,0.035,0.035,0.035,0.036,0.026
2bwe_bc,0.024,0.023,0.025,0.024,0.025
2c0l_bc,0.038,0.041,0.035,0.038,0.039
2c2v_bc,0.623,0.625,0.626,0.626,0.624
2ch4_bc,0.021,0.012,0.02,0.021,0.011
2d5r_bc,0.751,0.809,0.773,0.786,0.766
2ejf_bc,0.131,0.13,0.13,0.126,0.131
2g45_bc,0.037,0.037,0.035,0.035,0.035
2grx_bc,0.058,0.815,0.814,0.053,0.049
2gwf_bc,0.012,0.011,0.011,0.013,0.012
2hj9_bc,0.027,0.026,0.026,0.795,0.026
2hqs_bc,0.582,0.57,0.583,0.575,0.578
2hrk_bc,0.791,0.778,0.788,0.869,0.785
2i25_bc,0.016,0.016,0.015,0.016,0.017
2ido_bc,0.862,0.863,0.863,0.863,0.863
2iwt_bc,0.022,0.009,0.023,0.009,0.02
2nqd_bc,0.908,0.925,0.895,0.923,0.897
2nxn_bc,0.266,0.684,0.259,0.264,0.266
2o25_bc,0.004,0.004,0.004,0.004,0.004
2o2v_bc,0.01,0.01,0.01,0.011,0.01
2o8v_bc,0.338,0.334,0.337,0.338,0.327
2oob_bc,0.016,0.019,0.015,0.013,0.014
2qyi_bc,0.034,0.036,0.651,0.581,0.655
2sge_bc,0.017,0.017,0.017,0.017,0.017
2uy7_bc,0.339,0.032,0.017,0.335,0.318
2v55_bc,0.023,0.023,0.024,0.023,0.023
2vdb_bc,0.099,0.053,0.818,0.053,0.817
2vrr_bc,0.019,0.02,0.019,0.019,0.019
2wbw_bc,0.007,0.006,0.007,0.008,0.007
2wy7_bc,0.064,0.068,0.014,0.048,0.025
2wy8_bc,0.012,0.012,0.012,0.012,0.012
2x0b_bc,0.289,0.307,0.293,0.283,0.322
2x9a_bc,0.936,0.063,0.056,0.929,0.921
2xgy_bc,0.03,0.025,0.024,0.024,0.024
2zae_bc,0.254,0.255,0.255,0.255,0.253
3a1p_bc,0.832,0.835,0.831,0.835,0.835
3a8i_bc,0.467,0.466,0.462,0.471,0.456
3av0_bc,0.005,0.005,0.005,0.004,0.004
3bh6_bc,0.502,0.507,0.278,0.5,0.506
3bs5_bc,0.971,0.971,0.971,0.97,0.971
3buz_bc,0.025,0.024,0.022,0.021,0.024
3bx1_bc,0.009,0.009,0.009,0.009,0.009
3cbk_bc,0.383,0.04,0.381,0.38,0.043
3cu1_bc,0.019,0.07,0.02,0.576,0.075
3cw2_bc,0.111,0.088,0.086,0.103,0.096
3d3c_bc,0.862,0.814,0.867,0.861,0.862
3d5r_bc,0.015,0.015,0.015,0.015,0.015
3daw_bc,0.608,0.396,0.583,0.575,0.547
3e2l_bc,0.047,0.023,0.023,0.032,0.015
3f1p_bc,0.039,0.038,0.039,0.038,0.039
3f7p_bc,0.078,0.079,0.075,0.077,0.076
3fap_bc,0.044,0.145,0.047,0.038,0.047
3fn1_bc,0.717,0.719,0.718,0.698,0.719
3fpu_bc,0.025,0.024,0.024,0.025,0.021
3g3a_bc,0.047,0.047,0.047,0.074,0.035
3hzi_bc,0.771,0.773,0.769,0.775,0.772
3k1i_bc,0.588,0.625,0.619,0.606,0.618
3k9m_bc,0.562,0.58,0.573,0.567,0.563
3kld_bc,0.003,0.004,0.006,0.007,0.014
3l1z_bc,0.013,0.013,0.624,0.014,0.963
3l4q_bc,0.016,0.02,0.015,0.015,0.02
3lb8_bc,0.703,0.672,0.661,0.653,0.665
3lwn_bc,0.317,0.346,0.325,0.333,0.345
3m18_bc,0.01,0.01,0.073,0.069,0.072
3mj7_bc,0.459,0.512,0.016,0.476,0.468
3mzw_bc,0.367,0.372,0.394,0.37,0.15
3oed_bc,0.01,0.01,0.01,0.021,0.008
3oj4_bc,0.058,0.058,0.059,0.058,0.058
3ona_bc,0.044,0.035,0.054,0.385,0.397
3ong_bc,0.025,0.808,0.318,0.025,0.315
3onl_bc,0.038,0.007,0.76,0.79,0.795
3oun_bc,0.006,0.006,0.006,0.006,0.006
3pro_bc,0.832,0.829,0.825,0.827,0.834
3prp_bc,0.167,0.038,0.156,0.074,0.064
3pv6_bc,0.947,0.947,0.944,0.945,0.946
3qc8_bc,0.503,0.764,0.739,0.741,0.763
3qlu_bc,0.483,0.483,0.487,0.48,0.485
3rj3_bc,0.029,0.007,0.007,0.007,0.007
3rnk_bc,0.541,0.537,0.553,0.549,0.541
3t5g_bc,0.007,0.007,0.008,0.007,0.007
3tg1_bc,0.311,0.401,0.241,0.406,0.27
3ulq_bc,0.019,0.019,0.015,0.02,0.019
3vlb_bc,0.241,0.243,0.241,0.228,0.243
3w31_bc,0.032,0.031,0.031,0.024,0.031
3wkt_bc,0.006,0.006,0.032,0.007,0.023
3znz_bc,0.503,0.1,0.093,0.092,0.088
4bbn_bc,0.007,0.007,0.007,0.007,0.006
4bi8_bc,0.878,0.809,0.88,0.945,0.947
4bmp_bc,0.605,0.678,0.686,0.638,0.682
4bos_bc,0.039,0.042,0.04,0.039,0.039
4boz_bc,0.021,0.073,0.073,0.073,0.073
4c0o_bc,0.032,0.03,0.026,0.029,0.029
4c6t_bc,0.85,0.887,0.947,0.951,0.898
4cpa_bc,0.112,0.053,0.059,0.039,0.067
4emj_bc,0.497,0.452,0.492,0.483,0.287
4etw_bc,0.56,0.561,0.57,0.566,0.565
4f7g_bc,0.019,0.022,0.02,0.02,0.02
4fme_bc,0.011,0.027,0.014,0.012,0.006
4ged_bc,0.618,0.01,0.01,0.616,0.634
4gmj_bc,0.97,0.97,0.97,0.97,0.97
4goj_bc,0.46,0.464,0.459,0.48,0.454
4hcn_bc,0.08,0.07,0.055,0.07,0.353
4ilh_bc,0.009,0.01,0.01,0.013,0.01
4j38_bc,0.016,0.014,0.018,0.017,0.018
4j4l_bc,0.037,0.027,0.037,0.1,0.037
4jhp_bc,0.007,0.007,0.007,0.029,0.007
4jqw_bc,0.014,0.02,0.016,0.036,0.015
4jx1_bc,0.193,0.137,0.399,0.361,0.331
4k0v_bc,0.029,0.032,0.03,0.029,0.033
4kyi_bc,0.004,0.004,0.004,0.004,0.004
4l41_bc,0.026,0.02,0.017,0.022,0.03
4llo_bc,0.037,0.036,0.037,0.036,0.037
4lsx_bc,0.229,0.039,0.039,0.038,0.16
4lx0_bc,0.012,0.006,0.006,0.012,0.012
4m3k_bc,0.02,0.012,0.016,0.013,0.014
4mdk_bc,0.117,0.12,0.125,0.123,0.121
4ml7_bc,0.021,0.01,0.02,0.021,0.02
4mrt_bc,0.499,0.512,0.486,0.51,0.491
4n6o_bc,0.822,0.827,0.818,0.828,0.822
4nyi_bc,0.007,0.007,0.007,0.007,0.007
4nzl_bc,0.009,0.009,0.02,0.009,0.074
4o4b_bc,0.006,0.013,0.006,0.007,0.006
4ol0_bc,0.082,0.053,0.089,0.049,0.05
4p2a_bc,0.856,0.826,0.841,0.196,0.188
4p4q_bc,0.111,0.119,0.116,0.115,0.125
4pj2_bc,0.01,0.012,0.01,0.01,0.919
4pou_bc,0.011,0.009,0.014,0.01,0.01
4pw9_bc,0.295,0.301,0.321,0.008,0.303
4r62_bc,0.012,0.012,0.012,0.02,0.012
4rf0_bc,0.009,0.009,0.009,0.009,0.009
4rix_bc,0.01,0.662,0.684,0.731,0.631
4rws_bc,0.004,0.004,0.004,0.004,0.004
4s10_bc,0.024,0.028,0.023,0.027,0.016
4txo_bc,0.284,0.392,0.398,0.272,0.397
4txv_bc,0.153,0.037,0.077,0.022,0.026
4v2c_bc,0.021,0.121,0.021,0.02,0.021
4wm0_bc,0.139,0.14,0.141,0.14,0.141
4x6q_bc,0.038,0.009,0.033,0.247,0.054
4xhu_bc,0.46,0.492,0.46,0.47,0.466
4xkl_bc,0.013,0.013,0.013,0.013,0.013
4xoi_bc,0.914,0.769,0.015,0.037,0.604
4xs0_bc,0.091,0.051,0.072,0.051,0.054
4y5o_bc,0.02,0.038,0.044,0.044,0.026
4y7m_bc,0.039,0.081,0.038,0.077,0.037
4yeb_bc,0.006,0.006,0.006,0.006,0.006
4zfr_bc,0.951,0.953,0.953,0.953,0.947
5bmu_bc,0.01,0.009,0.01,0.01,0.01
5brr_bc,0.278,0.205,0.259,0.208,0.075
5cec_bc,0.019,0.07,0.02,0.019,0.015
5cra_bc,0.009,0.009,0.02,0.018,0.009
5eg3_bc,0.005,0.005,0.005,0.005,0.005
