complex_id,DockQ_dockqstats_bench4_af2_af2stdmsa_model_1_ptm_ens8,DockQ_dockqstats_bench4_af2_af2andhhblitsmsa_model_1_rec10,DockQ_dockqstats_bench4_af2_af2andhhblitsmsa_model_1_ens8,DockQ_dockqstats_bench4_af2_af2stdmsa_model_1_ens8,DockQ_dockqstats_bench4_af2_hhblitsn2_model_1_ens8,DockQ_dockqstats_bench4_af2_hhblitsn2_model_1_rec10,DockQ_dockqstats_bench4_af2_hhblitsn2_model_1_ptm_rec10,DockQ_dockqstats_bench4_af2_af2andhhblitsmsa_model_1_ptm_ens8,DockQ_dockqstats_bench4_af2_af2andhhblitsmsa_model_1_ptm_rec10,DockQ_dockqstats_bench4_af2_af2stdmsa_model_1_ptm_rec10,DockQ_dockqstats_bench4_af2_af2stdmsa_model_1_rec10,DockQ_dockqstats_bench4_af2_hhblitsn2_model_1_ptm_ens8
1ay7_bc,0.175,0.897,0.918,0.944,0.886,0.948,0.871,0.806,0.884,0.214,0.962,0.894
1b27_bc,0.509,0.69,0.686,0.61,0.749,0.753,0.57,0.671,0.55,0.544,0.628,0.676
1bdj_bc,0.03,0.038,0.036,0.033,0.011,0.011,0.079,0.023,0.018,0.027,0.037,0.075
1buh_bc,0.015,0.014,0.412,0.012,0.579,0.576,0.596,0.016,0.014,0.02,0.011,0.585
1bvn_bc,0.018,0.021,0.019,0.019,0.067,0.065,0.064,0.017,0.018,0.019,0.018,0.062
1cc0_bc,0.013,0.012,0.012,0.012,0.013,0.013,0.013,0.012,0.012,0.012,0.018,0.013
1clv_bc,0.01,0.012,0.009,0.009,0.007,0.01,0.022,0.009,0.01,0.009,0.011,0.017
1dfj_bc,0.048,0.041,0.073,0.039,0.031,0.031,0.036,0.052,0.047,0.046,0.037,0.034
1eay_bc,0.037,0.451,0.458,0.44,0.015,0.462,0.014,0.459,0.449,0.015,0.461,0.014
1eer_bc,0.651,0.778,0.696,0.661,0.635,0.03,0.651,0.696,0.664,0.681,0.657,0.634
1ewy_bc,0.104,0.053,0.055,0.101,0.054,0.051,0.051,0.143,0.057,0.104,0.068,0.055
1fle_bc,0.013,0.737,0.013,0.061,0.05,0.031,0.051,0.136,0.653,0.828,0.009,0.05
1fq1_bc,0.015,0.365,0.382,0.422,0.045,0.354,0.052,0.25,0.012,0.52,0.444,0.055
1g6v_bc,0.01,0.009,0.009,0.01,0.008,0.008,0.008,0.009,0.008,0.009,0.01,0.009
1g73_bc,0.063,0.041,0.038,0.063,0.054,0.05,0.055,0.047,0.064,0.065,0.088,0.062
1gcq_bc,0.038,0.032,0.034,0.349,0.065,0.104,0.102,0.031,0.034,0.038,0.893,0.076
1gpw_bc,0.688,0.709,0.709,0.691,0.696,0.718,0.684,0.677,0.676,0.685,0.71,0.683
1he1_bc,0.143,0.079,0.094,0.098,0.012,0.014,0.019,0.116,0.094,0.037,0.09,0.019
1i2m_bc,0.045,0.279,0.316,0.018,0.195,0.124,0.14,0.31,0.301,0.012,0.128,0.186
1i4e_bc,0.009,0.004,0.004,0.008,0.004,0.004,0.012,0.009,0.006,0.006,0.004,0.018
1i8l_bc,0.395,0.394,0.399,0.393,0.038,0.037,0.034,0.398,0.389,0.382,0.385,0.038
1ib1_bc,0.01,0.024,0.024,0.02,0.033,0.026,0.043,0.02,0.015,0.011,0.022,0.044
1jiw_bc,0.396,0.842,0.87,0.011,0.845,0.833,0.824,0.841,0.847,0.475,0.011,0.844
1jk9_bc,0.666,0.67,0.672,0.678,0.14,0.15,0.173,0.679,0.668,0.682,0.668,0.139
1jtd_bc,0.021,0.02,0.02,0.025,0.032,0.023,0.026,0.021,0.019,0.018,0.025,0.028
1k5g_bc,0.022,0.032,0.034,0.014,0.039,0.041,0.04,0.047,0.032,0.024,0.016,0.042
1kgy_bc,0.009,0.012,0.011,0.011,0.011,0.011,0.012,0.01,0.011,0.009,0.009,0.012
1lb2_bc,0.01,0.01,0.01,0.01,0.006,0.006,0.006,0.007,0.007,0.01,0.01,0.006
1lfd_bc,0.489,0.917,0.585,0.501,0.138,0.12,0.232,0.594,0.485,0.306,0.692,0.085
1mq8_bc,0.009,0.009,0.009,0.737,0.009,0.008,0.01,0.009,0.009,0.856,0.807,0.009
1nbf_bc,0.304,0.402,0.389,0.372,0.268,0.037,0.044,0.358,0.397,0.45,0.398,0.037
1nql_bc,0.007,0.379,0.366,0.351,0.013,0.014,0.414,0.315,0.374,0.007,0.383,0.015
1nw9_bc,0.029,0.023,0.013,0.024,0.048,0.043,0.046,0.024,0.02,0.02,0.05,0.05
1oc0_bc,0.013,0.014,0.013,0.014,0.015,0.009,0.015,0.013,0.011,0.013,0.014,0.022
1pvh_bc,0.009,0.009,0.009,0.012,0.02,0.08,0.029,0.01,0.012,0.009,0.013,0.032
1qav_bc,0.014,0.79,0.701,0.708,0.05,0.047,0.047,0.022,0.68,0.725,0.015,0.04
1r8s_bc,0.283,0.277,0.277,0.28,0.264,0.26,0.258,0.278,0.287,0.294,0.281,0.271
1s1q_bc,0.039,0.027,0.029,0.014,0.02,0.019,0.019,0.039,0.04,0.055,0.014,0.02
1te1_bc,0.008,0.008,0.009,0.007,0.012,0.013,0.022,0.009,0.007,0.006,0.007,0.015
1tmq_bc,0.008,0.009,0.036,0.008,0.007,0.008,0.006,0.008,0.008,0.008,0.009,0.008
1uad_bc,0.089,0.632,0.516,0.181,0.306,0.304,0.037,0.368,0.608,0.073,0.058,0.238
1uug_bc,0.012,0.01,0.012,0.012,0.017,0.017,0.015,0.011,0.012,0.012,0.011,0.014
1v5i_bc,0.346,0.833,0.833,0.802,0.832,0.839,0.841,0.834,0.836,0.012,0.802,0.837
1vg0_bc,0.135,0.178,0.161,0.118,0.15,0.163,0.133,0.266,0.265,0.176,0.127,0.092
1vrs_bc,0.275,0.889,0.882,0.884,0.868,0.9,0.89,0.754,0.882,0.19,0.89,0.887
1wq1_bc,0.031,0.031,0.035,0.045,0.094,0.17,0.03,0.033,0.031,0.03,0.03,0.136
1wrd_bc,0.016,0.736,0.837,0.013,0.031,0.022,0.023,0.173,0.72,0.033,0.013,0.02
1x86_bc,0.042,0.326,0.241,0.06,0.264,0.064,0.034,0.037,0.066,0.034,0.139,0.188
1xt9_bc,0.846,0.853,0.861,0.848,0.805,0.855,0.767,0.865,0.866,0.872,0.805,0.768
1y64_bc,0.009,0.008,0.012,0.012,0.01,0.016,0.007,0.009,0.009,0.009,0.008,0.007
1y8x_bc,0.014,0.722,0.833,0.017,0.721,0.722,0.716,0.83,0.829,0.014,0.014,0.717
1ycs_bc,0.076,0.038,0.037,0.042,0.011,0.007,0.008,0.036,0.007,0.044,0.025,0.01
1yu6_bc,0.013,0.011,0.012,0.733,0.05,0.061,0.066,0.013,0.013,0.012,0.833,0.08
1yvb_bc,0.867,0.829,0.857,0.896,0.783,0.804,0.808,0.866,0.045,0.898,0.833,0.798
1z5y_bc,0.591,0.698,0.668,0.591,0.738,0.748,0.738,0.202,0.172,0.189,0.663,0.721
1zlh_bc,0.034,0.03,0.034,0.022,0.034,0.026,0.046,0.03,0.138,0.041,0.065,0.031
2a41_bc,0.008,0.009,0.008,0.009,0.007,0.007,0.008,0.008,0.008,0.009,0.006,0.007
2a5d_bc,0.116,0.011,0.011,0.011,0.039,0.052,0.055,0.011,0.011,0.035,0.824,0.013
2a9k_bc,0.014,0.015,0.014,0.013,0.02,0.017,0.012,0.015,0.015,0.014,0.014,0.014
2abz_bc,0.05,0.073,0.05,0.053,0.007,0.011,0.016,0.055,0.058,0.053,0.064,0.015
2aq3_bc,0.017,0.018,0.016,0.017,0.025,0.008,0.01,0.017,0.017,0.018,0.018,0.018
2b4s_bc,0.006,0.006,0.007,0.007,0.005,0.005,0.006,0.006,0.006,0.006,0.007,0.006
2bcg_bc,0.3,0.033,0.31,0.326,0.264,0.259,0.234,0.317,0.335,0.283,0.278,0.032
2bcn_bc,0.036,0.034,0.036,0.037,0.036,0.035,0.035,0.035,0.034,0.037,0.034,0.036
2bku_bc,0.023,0.277,0.277,0.272,0.116,0.167,0.166,0.046,0.045,0.033,0.287,0.163
2bov_bc,0.025,0.026,0.029,0.025,0.006,0.006,0.027,0.017,0.03,0.027,0.024,0.007
2bwe_bc,0.041,0.025,0.024,0.023,0.042,0.055,0.075,0.036,0.033,0.034,0.022,0.075
2c0l_bc,0.029,0.039,0.038,0.038,0.045,0.039,0.041,0.021,0.011,0.031,0.039,0.039
2c2v_bc,0.628,0.624,0.624,0.625,0.614,0.62,0.62,0.627,0.625,0.626,0.624,0.62
2ch4_bc,0.009,0.011,0.022,0.011,0.022,0.021,0.022,0.011,0.01,0.009,0.011,0.024
2d5r_bc,0.01,0.766,0.793,0.01,0.816,0.813,0.809,0.882,0.824,0.008,0.01,0.817
2ejf_bc,0.065,0.131,0.168,0.118,0.122,0.092,0.103,0.13,0.092,0.101,0.123,0.116
2g45_bc,0.026,0.035,0.037,0.017,0.036,0.029,0.044,0.049,0.033,0.02,0.029,0.039
2grx_bc,0.8,0.049,0.78,0.808,0.456,0.781,0.796,0.058,0.044,0.805,0.056,0.8
2gwf_bc,0.01,0.012,0.011,0.012,0.01,0.009,0.01,0.012,0.012,0.009,0.012,0.011
2hj9_bc,0.912,0.026,0.026,0.892,0.025,0.025,0.871,0.027,0.778,0.028,0.896,0.026
2hqs_bc,0.554,0.578,0.583,0.554,0.587,0.599,0.606,0.572,0.577,0.555,0.539,0.583
2hrk_bc,0.885,0.785,0.788,0.886,0.023,0.021,0.029,0.882,0.873,0.883,0.885,0.025
2i25_bc,0.016,0.017,0.016,0.015,0.03,0.015,0.018,0.017,0.018,0.015,0.014,0.02
2ido_bc,0.859,0.863,0.86,0.862,0.857,0.868,0.854,0.857,0.833,0.837,0.862,0.854
2iwt_bc,0.018,0.02,0.009,0.013,0.032,0.029,0.058,0.009,0.022,0.021,0.023,0.051
2nqd_bc,0.818,0.897,0.922,0.848,0.924,0.918,0.917,0.891,0.851,0.903,0.912,0.92
2nxn_bc,0.029,0.266,0.27,0.021,0.593,0.642,0.276,0.615,0.57,0.018,0.02,0.541
2o25_bc,0.011,0.004,0.004,0.005,0.004,0.004,0.005,0.01,0.004,0.012,0.004,0.006
2o2v_bc,0.013,0.01,0.011,0.011,0.012,0.008,0.011,0.014,0.011,0.012,0.01,0.013
2o8v_bc,0.343,0.327,0.343,0.365,0.289,0.31,0.302,0.322,0.318,0.335,0.352,0.194
2oob_bc,0.016,0.014,0.014,0.014,0.02,0.019,0.022,0.016,0.018,0.017,0.014,0.023
2qyi_bc,0.141,0.655,0.08,0.409,0.01,0.012,0.019,0.146,0.037,0.039,0.582,0.011
2sge_bc,0.016,0.017,0.017,0.017,0.013,0.013,0.014,0.016,0.016,0.017,0.017,0.014
2uy7_bc,0.012,0.318,0.197,0.033,0.082,0.066,0.025,0.014,0.018,0.012,0.341,0.038
2v55_bc,0.027,0.023,0.022,0.022,0.019,0.018,0.019,0.026,0.028,0.03,0.022,0.019
2vdb_bc,0.019,0.817,0.745,0.743,0.005,0.004,0.01,0.02,0.018,0.019,0.053,0.006
2vrr_bc,0.02,0.019,0.019,0.02,0.019,0.019,0.019,0.019,0.02,0.02,0.02,0.019
2wbw_bc,0.008,0.007,0.008,0.008,0.01,0.015,0.01,0.008,0.007,0.008,0.01,0.01
2wy7_bc,0.01,0.025,0.03,0.028,0.009,0.014,0.026,0.01,0.01,0.01,0.011,0.028
2wy8_bc,0.042,0.012,0.011,0.011,0.009,0.01,0.011,0.042,0.043,0.04,0.012,0.009
2x0b_bc,0.261,0.322,0.315,0.319,0.314,0.322,0.296,0.286,0.309,0.268,0.276,0.3
2x9a_bc,0.08,0.921,0.887,0.951,0.013,0.042,0.06,0.072,0.077,0.077,0.955,0.069
2xgy_bc,0.035,0.024,0.025,0.025,0.007,0.008,0.015,0.035,0.033,0.033,0.034,0.017
2zae_bc,0.013,0.253,0.264,0.012,0.278,0.267,0.272,0.258,0.257,0.012,0.012,0.278
3a1p_bc,0.042,0.835,0.843,0.078,0.687,0.832,0.775,0.835,0.837,0.041,0.096,0.835
3a8i_bc,0.475,0.456,0.464,0.457,0.472,0.477,0.467,0.463,0.454,0.245,0.476,0.472
3av0_bc,0.005,0.004,0.004,0.005,0.004,0.004,0.006,0.005,0.004,0.005,0.004,0.005
3bh6_bc,0.039,0.506,0.512,0.08,0.496,0.504,0.499,0.499,0.491,0.058,0.078,0.494
3bs5_bc,0.958,0.971,0.964,0.962,0.952,0.962,0.957,0.956,0.963,0.966,0.97,0.945
3buz_bc,0.05,0.024,0.02,0.025,0.01,0.01,0.008,0.044,0.006,0.007,0.023,0.013
3bx1_bc,0.009,0.009,0.009,0.009,0.006,0.007,0.015,0.009,0.009,0.009,0.008,0.007
3cbk_bc,0.041,0.043,0.396,0.389,0.486,0.418,0.516,0.041,0.062,0.06,0.043,0.473
3cu1_bc,0.067,0.075,0.07,0.069,0.068,0.07,0.067,0.025,0.017,0.07,0.581,0.058
3cw2_bc,0.034,0.096,0.087,0.034,0.091,0.091,0.085,0.064,0.086,0.034,0.032,0.082
3d3c_bc,0.135,0.862,0.862,0.13,0.812,0.807,0.869,0.864,0.856,0.13,0.13,0.87
3d5r_bc,0.014,0.015,0.015,0.015,0.034,0.019,0.04,0.014,0.013,0.013,0.015,0.009
3daw_bc,0.347,0.547,0.416,0.377,0.612,0.76,0.637,0.501,0.513,0.282,0.364,0.495
3e2l_bc,0.016,0.015,0.017,0.024,0.058,0.112,0.145,0.022,0.016,0.016,0.052,0.051
3f1p_bc,0.038,0.039,0.038,0.037,0.014,0.014,0.015,0.037,0.038,0.039,0.038,0.015
3f7p_bc,0.083,0.076,0.078,0.078,0.144,0.107,0.091,0.081,0.081,0.083,0.078,0.097
3fap_bc,0.039,0.047,0.097,0.044,0.041,0.064,0.059,0.11,0.084,0.049,0.042,0.035
3fn1_bc,0.014,0.719,0.695,0.012,0.697,0.7,0.688,0.541,0.516,0.015,0.01,0.681
3fpu_bc,0.018,0.021,0.023,0.023,0.111,0.022,0.036,0.018,0.021,0.022,0.025,0.036
3g3a_bc,0.066,0.035,0.072,0.05,0.043,0.041,0.046,0.049,0.046,0.009,0.047,0.066
3hzi_bc,0.767,0.772,0.771,0.541,0.762,0.771,0.776,0.784,0.778,0.773,0.767,0.775
3k1i_bc,0.06,0.618,0.621,0.294,0.56,0.449,0.624,0.633,0.637,0.056,0.617,0.62
3k9m_bc,0.556,0.563,0.57,0.57,0.081,0.05,0.038,0.068,0.054,0.566,0.581,0.047
3kld_bc,0.008,0.014,0.004,0.003,0.006,0.035,0.032,0.008,0.018,0.019,0.004,0.02
3l1z_bc,0.011,0.963,0.013,0.012,0.964,0.958,0.956,0.012,0.011,0.011,0.012,0.955
3l4q_bc,0.016,0.02,0.007,0.011,0.007,0.005,0.013,0.017,0.013,0.017,0.004,0.017
3lb8_bc,0.354,0.665,0.665,0.685,0.659,0.669,0.545,0.458,0.534,0.371,0.702,0.63
3lwn_bc,0.051,0.345,0.373,0.334,0.018,0.024,0.024,0.17,0.021,0.02,0.039,0.018
3m18_bc,0.011,0.072,0.01,0.01,0.047,0.054,0.038,0.011,0.011,0.01,0.065,0.045
3mj7_bc,0.008,0.468,0.017,0.008,0.009,0.009,0.008,0.016,0.014,0.385,0.008,0.009
3mzw_bc,0.012,0.15,0.397,0.372,0.008,0.008,0.009,0.016,0.008,0.01,0.384,0.011
3oed_bc,0.022,0.008,0.01,0.01,0.01,0.01,0.01,0.025,0.021,0.024,0.01,0.01
3oj4_bc,0.065,0.058,0.059,0.059,0.027,0.024,0.506,0.06,0.061,0.061,0.058,0.023
3ona_bc,0.04,0.397,0.072,0.065,0.019,0.019,0.026,0.041,0.034,0.034,0.048,0.028
3ong_bc,0.026,0.315,0.843,0.025,0.818,0.817,0.829,0.026,0.026,0.028,0.026,0.833
3onl_bc,0.047,0.795,0.088,0.046,0.104,0.01,0.007,0.03,0.009,0.012,0.044,0.008
3oun_bc,0.013,0.006,0.006,0.01,0.006,0.006,0.01,0.006,0.006,0.013,0.009,0.008
3pro_bc,0.813,0.834,0.829,0.806,0.839,0.826,0.813,0.833,0.831,0.798,0.81,0.827
3prp_bc,0.015,0.064,0.143,0.137,0.055,0.098,0.062,0.016,0.021,0.016,0.014,0.009
3pv6_bc,0.004,0.946,0.949,0.005,0.901,0.902,0.014,0.947,0.947,0.005,0.005,0.949
3qc8_bc,0.669,0.763,0.71,0.483,0.749,0.76,0.508,0.689,0.517,0.658,0.669,0.525
3qlu_bc,0.439,0.485,0.481,0.439,0.01,0.01,0.01,0.48,0.488,0.401,0.415,0.029
3rj3_bc,0.007,0.007,0.007,0.013,0.007,0.007,0.007,0.006,0.007,0.007,0.007,0.007
3rnk_bc,0.533,0.541,0.559,0.567,0.533,0.532,0.521,0.543,0.543,0.546,0.599,0.574
3t5g_bc,0.008,0.007,0.008,0.009,0.012,0.015,0.009,0.008,0.007,0.008,0.007,0.01
3tg1_bc,0.28,0.27,0.279,0.322,0.317,0.268,0.01,0.245,0.267,0.315,0.312,0.252
3ulq_bc,0.01,0.019,0.019,0.02,0.008,0.008,0.012,0.01,0.009,0.012,0.02,0.01
3vlb_bc,0.214,0.243,0.263,0.245,0.006,0.006,0.006,0.233,0.221,0.217,0.246,0.006
3w31_bc,0.019,0.031,0.013,0.023,0.006,0.01,0.013,0.037,0.032,0.029,0.031,0.009
3wkt_bc,0.034,0.023,0.007,0.026,0.007,0.007,0.008,0.008,0.007,0.156,0.033,0.009
3znz_bc,0.116,0.088,0.119,0.152,0.049,0.081,0.087,0.11,0.107,0.085,0.089,0.037
4bbn_bc,0.007,0.006,0.006,0.006,0.017,0.016,0.016,0.007,0.008,0.008,0.007,0.013
4bi8_bc,0.942,0.947,0.88,0.944,0.743,0.811,0.614,0.943,0.88,0.683,0.957,0.603
4bmp_bc,0.616,0.682,0.613,0.501,0.626,0.636,0.63,0.491,0.483,0.483,0.504,0.629
4bos_bc,0.017,0.039,0.04,0.33,0.107,0.038,0.268,0.043,0.045,0.016,0.364,0.218
4boz_bc,0.042,0.073,0.073,0.019,0.073,0.023,0.02,0.058,0.043,0.047,0.019,0.018
4c0o_bc,0.028,0.029,0.03,0.035,0.033,0.032,0.04,0.032,0.035,0.027,0.037,0.039
4c6t_bc,0.957,0.898,0.943,0.903,0.018,0.023,0.018,0.957,0.955,0.955,0.947,0.019
4cpa_bc,0.092,0.067,0.094,0.083,0.008,0.032,0.044,0.074,0.079,0.094,0.059,0.016
4emj_bc,0.368,0.287,0.48,0.507,0.504,0.522,0.434,0.377,0.358,0.279,0.522,0.325
4etw_bc,0.547,0.565,0.505,0.59,0.516,0.534,0.293,0.507,0.335,0.561,0.585,0.387
4f7g_bc,0.007,0.02,0.029,0.007,0.008,0.026,0.01,0.008,0.01,0.007,0.006,0.012
4fme_bc,0.012,0.006,0.012,0.011,0.008,0.008,0.016,0.015,0.011,0.01,0.011,0.018
4ged_bc,0.522,0.634,0.554,0.57,0.01,0.282,0.295,0.612,0.641,0.491,0.615,0.313
4gmj_bc,0.968,0.97,0.971,0.969,0.969,0.969,0.972,0.971,0.971,0.968,0.969,0.971
4goj_bc,0.467,0.454,0.45,0.463,0.456,0.842,0.419,0.455,0.465,0.466,0.458,0.451
4hcn_bc,0.06,0.353,0.078,0.077,0.017,0.02,0.009,0.06,0.084,0.059,0.05,0.018
4ilh_bc,0.017,0.01,0.009,0.516,0.011,0.011,0.013,0.012,0.016,0.011,0.033,0.012
4j38_bc,0.006,0.018,0.011,0.006,0.02,0.013,0.012,0.005,0.005,0.006,0.014,0.019
4j4l_bc,0.032,0.037,0.036,0.036,0.025,0.022,0.034,0.036,0.037,0.036,0.039,0.026
4jhp_bc,0.009,0.007,0.017,0.007,0.023,0.024,0.032,0.027,0.022,0.015,0.007,0.032
4jqw_bc,0.044,0.015,0.016,0.017,0.018,0.019,0.019,0.052,0.01,0.013,0.017,0.021
4jx1_bc,0.351,0.331,0.136,0.236,0.083,0.362,0.074,0.062,0.2,0.333,0.063,0.087
4k0v_bc,0.014,0.033,0.038,0.013,0.13,0.052,0.048,0.039,0.014,0.015,0.005,0.063
4kyi_bc,0.005,0.004,0.004,0.004,0.005,0.017,0.01,0.004,0.006,0.004,0.004,0.009
4l41_bc,0.021,0.03,0.022,0.02,0.011,0.014,0.021,0.03,0.031,0.039,0.031,0.02
4llo_bc,0.033,0.037,0.035,0.036,0.011,0.011,0.011,0.033,0.037,0.036,0.037,0.011
4lsx_bc,0.038,0.16,0.038,0.038,0.032,0.041,0.042,0.038,0.04,0.039,0.039,0.032
4lx0_bc,0.034,0.012,0.006,0.006,0.007,0.007,0.009,0.025,0.007,0.009,0.316,0.008
4m3k_bc,0.011,0.014,0.013,0.012,0.029,0.032,0.031,0.011,0.016,0.017,0.012,0.028
4mdk_bc,0.085,0.121,0.132,0.121,0.028,0.041,0.039,0.08,0.043,0.033,0.122,0.037
4ml7_bc,0.013,0.02,0.011,0.01,0.012,0.012,0.011,0.011,0.015,0.02,0.02,0.01
4mrt_bc,0.539,0.491,0.521,0.361,0.543,0.793,0.895,0.567,0.513,0.266,0.502,0.804
4n6o_bc,0.85,0.822,0.813,0.806,0.042,0.043,0.045,0.801,0.836,0.823,0.823,0.044
4nyi_bc,0.008,0.007,0.007,0.007,0.007,0.007,0.007,0.008,0.007,0.007,0.007,0.007
4nzl_bc,0.009,0.074,0.009,0.009,0.039,0.014,0.013,0.009,0.009,0.023,0.009,0.015
4o4b_bc,0.014,0.006,0.008,0.008,0.016,0.016,0.017,0.014,0.013,0.014,0.007,0.018
4ol0_bc,0.034,0.05,0.051,0.053,0.052,0.048,0.052,0.055,0.055,0.117,0.103,0.051
4p2a_bc,0.01,0.188,0.819,0.009,0.011,0.011,0.026,0.36,0.094,0.01,0.01,0.097
4p4q_bc,0.098,0.125,0.133,0.136,0.167,0.157,0.133,0.128,0.114,0.109,0.206,0.141
4pj2_bc,0.019,0.919,0.014,0.014,0.022,0.009,0.021,0.011,0.015,0.02,0.011,0.01
4pou_bc,0.013,0.01,0.011,0.012,0.01,0.011,0.025,0.042,0.01,0.01,0.011,0.023
4pw9_bc,0.009,0.303,0.323,0.009,0.32,0.309,0.362,0.325,0.362,0.009,0.009,0.357
4r62_bc,0.012,0.012,0.012,0.012,0.008,0.008,0.009,0.02,0.012,0.012,0.012,0.01
4rf0_bc,0.063,0.009,0.011,0.01,0.01,0.01,0.025,0.06,0.075,0.117,0.01,0.012
4rix_bc,0.004,0.631,0.645,0.577,0.003,0.003,0.012,0.017,0.016,0.017,0.009,0.007
4rws_bc,0.01,0.004,0.004,0.004,0.002,0.003,0.004,0.005,0.102,0.008,0.004,0.004
4s10_bc,0.019,0.016,0.022,0.024,0.019,0.025,0.024,0.021,0.029,0.024,0.03,0.026
4txo_bc,0.07,0.397,0.269,0.388,0.383,0.399,0.397,0.301,0.294,0.055,0.399,0.4
4txv_bc,0.028,0.026,0.022,0.03,0.02,0.022,0.024,0.031,0.023,0.031,0.028,0.022
4v2c_bc,0.023,0.021,0.021,0.022,0.183,0.195,0.169,0.022,0.021,0.021,0.021,0.16
4wm0_bc,0.104,0.141,0.14,0.135,0.045,0.04,0.046,0.123,0.114,0.131,0.143,0.055
4x6q_bc,0.051,0.054,0.07,0.05,0.24,0.215,0.191,0.056,0.047,0.049,0.044,0.211
4xhu_bc,0.263,0.466,0.472,0.01,0.481,0.493,0.493,0.467,0.453,0.476,0.375,0.494
4xkl_bc,0.015,0.013,0.011,0.013,0.03,0.031,0.064,0.013,0.012,0.017,0.016,0.054
4xoi_bc,0.048,0.604,0.62,0.609,0.012,0.01,0.014,0.035,0.595,0.595,0.602,0.011
4xs0_bc,0.944,0.054,0.1,0.945,0.065,0.089,0.067,0.06,0.067,0.944,0.945,0.071
4y5o_bc,0.036,0.026,0.038,0.026,0.027,0.025,0.035,0.041,0.046,0.042,0.027,0.035
4y7m_bc,0.045,0.037,0.072,0.075,0.007,0.033,0.016,0.043,0.043,0.047,0.036,0.009
4yeb_bc,0.005,0.006,0.005,0.005,0.013,0.012,0.134,0.008,0.007,0.006,0.005,0.035
4zfr_bc,0.926,0.947,0.925,0.918,0.926,0.954,0.952,0.953,0.932,0.924,0.952,0.922
5bmu_bc,0.872,0.01,0.01,0.835,0.01,0.01,0.01,0.012,0.013,0.876,0.874,0.011
5brr_bc,0.01,0.075,0.078,0.036,0.074,0.069,0.12,0.275,0.267,0.03,0.01,0.14
5cec_bc,0.017,0.015,0.017,0.016,0.018,0.018,0.02,0.02,0.021,0.019,0.016,0.018
5cra_bc,0.009,0.009,0.009,0.009,0.015,0.027,0.013,0.009,0.009,0.009,0.009,0.013
5eg3_bc,0.005,0.005,0.005,0.005,0.005,0.005,0.005,0.005,0.005,0.005,0.005,0.005
